delta,limit,batch_size,threads,cached,device_type,cpu,memory,consumption,timestamp,gpu
244,100,10000,1,True,PC,0,17,69,2024-03-22 08:27:28.947249,0
22,100,10000,1,True,PC,3,17,72,2024-03-22 08:27:28.971255,0
21,100,10000,1,True,PC,6,17,74,2024-03-22 08:27:28.993480,0
20,100,10000,1,True,PC,6,17,74,2024-03-22 08:27:29.014711,0
21,100,10000,1,True,PC,3,17,72,2024-03-22 08:27:29.037445,0
21,100,10000,1,True,PC,0,17,69,2024-03-22 08:27:29.059547,0
20,100,10000,1,True,PC,0,17,69,2024-03-22 08:27:29.080689,0
20,100,10000,1,True,PC,6,17,74,2024-03-22 08:27:29.103200,0
20,100,10000,1,True,PC,0,17,69,2024-03-22 08:27:29.125739,0
20,100,10000,1,True,PC,0,17,69,2024-03-22 08:27:29.146771,0
61,100,10000,1,False,PC,0,17,69,2024-03-22 08:27:29.211054,0
41,100,10000,1,False,PC,0,17,69,2024-03-22 08:27:29.254637,0
46,100,10000,1,False,PC,0,17,69,2024-03-22 08:27:29.302739,0
43,100,10000,1,False,PC,0,17,69,2024-03-22 08:27:29.346833,0
43,100,10000,1,False,PC,2,17,72,2024-03-22 08:27:29.391122,0
41,100,10000,1,False,PC,0,17,69,2024-03-22 08:27:29.436060,0
43,100,10000,1,False,PC,2,17,71,2024-03-22 08:27:29.481219,0
53,100,10000,1,False,PC,0,17,69,2024-03-22 08:27:29.535827,0
42,100,10000,1,False,PC,2,17,71,2024-03-22 08:27:29.579916,0
41,100,10000,1,False,PC,0,17,69,2024-03-22 08:27:29.623815,0
45,100,10000,5,True,PC,0,17,69,2024-03-22 08:27:29.671172,0
23,100,10000,5,True,PC,0,17,69,2024-03-22 08:27:29.695306,0
22,100,10000,5,True,PC,0,17,69,2024-03-22 08:27:29.720811,0
22,100,10000,5,True,PC,0,17,69,2024-03-22 08:27:29.744816,0
22,100,10000,5,True,PC,0,17,69,2024-03-22 08:27:29.768822,0
23,100,10000,5,True,PC,0,17,69,2024-03-22 08:27:29.792828,0
22,100,10000,5,True,PC,0,17,69,2024-03-22 08:27:29.815830,0
21,100,10000,5,True,PC,0,17,69,2024-03-22 08:27:29.839010,0
22,100,10000,5,True,PC,0,17,69,2024-03-22 08:27:29.863016,0
22,100,10000,5,True,PC,0,17,69,2024-03-22 08:27:29.886022,0
44,100,10000,5,False,PC,0,17,69,2024-03-22 08:27:29.932355,0
44,100,10000,5,False,PC,0,17,69,2024-03-22 08:27:29.978840,0
45,100,10000,5,False,PC,0,17,69,2024-03-22 08:27:30.025360,0
44,100,10000,5,False,PC,0,17,69,2024-03-22 08:27:30.071514,0
45,100,10000,5,False,PC,2,17,71,2024-03-22 08:27:30.117819,0
44,100,10000,5,False,PC,2,17,71,2024-03-22 08:27:30.164039,0
45,100,10000,5,False,PC,0,17,69,2024-03-22 08:27:30.212252,0
50,100,10000,5,False,PC,0,17,69,2024-03-22 08:27:30.263780,0
45,100,10000,5,False,PC,0,17,69,2024-03-22 08:27:30.311849,0
45,100,10000,5,False,PC,1,17,71,2024-03-22 08:27:30.359869,0
47,100,10000,10,True,PC,1,17,71,2024-03-22 08:27:30.408354,0
25,100,10000,10,True,PC,0,17,69,2024-03-22 08:27:30.434861,0
25,100,10000,10,True,PC,0,17,69,2024-03-22 08:27:30.461868,0
25,100,10000,10,True,PC,3,17,72,2024-03-22 08:27:30.487874,0
26,100,10000,10,True,PC,6,17,74,2024-03-22 08:27:30.514877,0
25,100,10000,10,True,PC,0,17,69,2024-03-22 08:27:30.542385,0
25,100,10000,10,True,PC,0,17,69,2024-03-22 08:27:30.568392,0
24,100,10000,10,True,PC,4,17,73,2024-03-22 08:27:30.594398,0
25,100,10000,10,True,PC,0,17,69,2024-03-22 08:27:30.621904,0
26,100,10000,10,True,PC,0,17,69,2024-03-22 08:27:30.649910,0
47,100,10000,10,False,PC,2,17,71,2024-03-22 08:27:30.698994,0
47,100,10000,10,False,PC,0,17,69,2024-03-22 08:27:30.748140,0
48,100,10000,10,False,PC,0,17,69,2024-03-22 08:27:30.797390,0
55,100,10000,10,False,PC,0,17,69,2024-03-22 08:27:30.856209,0
47,100,10000,10,False,PC,0,17,69,2024-03-22 08:27:30.905273,0
48,100,10000,10,False,PC,1,17,70,2024-03-22 08:27:30.955544,0
47,100,10000,10,False,PC,0,17,69,2024-03-22 08:27:31.004852,0
46,100,10000,10,False,PC,2,17,71,2024-03-22 08:27:31.053743,0
47,100,10000,10,False,PC,0,17,69,2024-03-22 08:27:31.102846,0
53,100,10000,10,False,PC,0,17,69,2024-03-22 08:27:31.158582,0
50,100,10000,20,True,PC,2,17,71,2024-03-22 08:27:31.209830,0
27,100,10000,20,True,PC,0,17,69,2024-03-22 08:27:31.239591,0
29,100,10000,20,True,PC,0,17,69,2024-03-22 08:27:31.270697,0
29,100,10000,20,True,PC,0,17,69,2024-03-22 08:27:31.301733,0
26,100,10000,20,True,PC,0,17,69,2024-03-22 08:27:31.330252,0
30,100,10000,20,True,PC,0,17,69,2024-03-22 08:27:31.361268,0
28,100,10000,20,True,PC,0,17,69,2024-03-22 08:27:31.391466,0
28,100,10000,20,True,PC,4,17,73,2024-03-22 08:27:31.421532,0
27,100,10000,20,True,PC,0,17,69,2024-03-22 08:27:31.450968,0
28,100,10000,20,True,PC,0,17,69,2024-03-22 08:27:31.486530,0
49,100,10000,20,False,PC,0,17,69,2024-03-22 08:27:31.538415,0
51,100,10000,20,False,PC,0,17,69,2024-03-22 08:27:31.590785,0
65,100,10000,20,False,PC,0,17,69,2024-03-22 08:27:31.657989,0
51,100,10000,20,False,PC,0,17,69,2024-03-22 08:27:31.711710,0
52,100,10000,20,False,PC,1,17,71,2024-03-22 08:27:31.765938,0
51,100,10000,20,False,PC,0,17,69,2024-03-22 08:27:31.819843,0
50,100,10000,20,False,PC,0,17,69,2024-03-22 08:27:31.870897,0
55,100,10000,20,False,PC,0,17,69,2024-03-22 08:27:31.928074,0
50,100,10000,20,False,PC,0,17,69,2024-03-22 08:27:31.979460,0
49,100,10000,20,False,PC,1,17,70,2024-03-22 08:27:32.032353,0
44,100,1000,1,True,PC,0,17,69,2024-03-22 08:27:32.077434,0
22,100,1000,1,True,PC,6,17,74,2024-03-22 08:27:32.100438,0
20,100,1000,1,True,PC,0,17,69,2024-03-22 08:27:32.122940,0
21,100,1000,1,True,PC,6,17,74,2024-03-22 08:27:32.144945,0
20,100,1000,1,True,PC,6,17,74,2024-03-22 08:27:32.165950,0
20,100,1000,1,True,PC,0,17,69,2024-03-22 08:27:32.188440,0
21,100,1000,1,True,PC,3,17,72,2024-03-22 08:27:32.210498,0
20,100,1000,1,True,PC,0,17,69,2024-03-22 08:27:32.231537,0
21,100,1000,1,True,PC,0,17,69,2024-03-22 08:27:32.253542,0
21,100,1000,1,True,PC,0,17,69,2024-03-22 08:27:32.275548,0
44,100,1000,1,False,PC,0,17,69,2024-03-22 08:27:32.321839,0
43,100,1000,1,False,PC,0,17,69,2024-03-22 08:27:32.367868,0
54,100,1000,1,False,PC,0,17,69,2024-03-22 08:27:32.424857,0
61,100,1000,1,False,PC,3,17,72,2024-03-22 08:27:32.488073,0
43,100,1000,1,False,PC,2,17,71,2024-03-22 08:27:32.533648,0
44,100,1000,1,False,PC,0,17,69,2024-03-22 08:27:32.579100,0
43,100,1000,1,False,PC,0,17,69,2024-03-22 08:27:32.624687,0
43,100,1000,1,False,PC,0,17,69,2024-03-22 08:27:32.669943,0
44,100,1000,1,False,PC,0,17,69,2024-03-22 08:27:32.715148,0
55,100,1000,1,False,PC,3,17,72,2024-03-22 08:27:32.772186,0
53,100,1000,5,True,PC,0,17,69,2024-03-22 08:27:32.827781,0
22,100,1000,5,True,PC,0,17,69,2024-03-22 08:27:32.851812,0
22,100,1000,5,True,PC,5,17,74,2024-03-22 08:27:32.874817,0
23,100,1000,5,True,PC,0,17,69,2024-03-22 08:27:32.899936,0
22,100,1000,5,True,PC,0,17,69,2024-03-22 08:27:32.923644,0
23,100,1000,5,True,PC,0,17,69,2024-03-22 08:27:32.947974,0
22,100,1000,5,True,PC,0,17,69,2024-03-22 08:27:32.971973,0
21,100,1000,5,True,PC,0,17,69,2024-03-22 08:27:32.994979,0
23,100,1000,5,True,PC,0,17,69,2024-03-22 08:27:33.019506,0
22,100,1000,5,True,PC,0,17,69,2024-03-22 08:27:33.042545,0
46,100,1000,5,False,PC,0,17,69,2024-03-22 08:27:33.090629,0
44,100,1000,5,False,PC,2,17,71,2024-03-22 08:27:33.136510,0
44,100,1000,5,False,PC,2,17,71,2024-03-22 08:27:33.181538,0
43,100,1000,5,False,PC,2,17,71,2024-03-22 08:27:33.228166,0
45,100,1000,5,False,PC,2,17,71,2024-03-22 08:27:33.274363,0
43,100,1000,5,False,PC,2,17,71,2024-03-22 08:27:33.319955,0
45,100,1000,5,False,PC,0,17,69,2024-03-22 08:27:33.366228,0
44,100,1000,5,False,PC,0,17,69,2024-03-22 08:27:33.413867,0
47,100,1000,5,False,PC,0,17,69,2024-03-22 08:27:33.463273,0
45,100,1000,5,False,PC,0,17,69,2024-03-22 08:27:33.511536,0
55,100,1000,10,True,PC,0,17,69,2024-03-22 08:27:33.569155,0
24,100,1000,10,True,PC,0,17,69,2024-03-22 08:27:33.595161,0
24,100,1000,10,True,PC,5,17,74,2024-03-22 08:27:33.621174,0
24,100,1000,10,True,PC,0,17,69,2024-03-22 08:27:33.646828,0
24,100,1000,10,True,PC,3,17,72,2024-03-22 08:27:33.673978,0
25,100,1000,10,True,PC,6,17,74,2024-03-22 08:27:33.699985,0
26,100,1000,10,True,PC,0,17,69,2024-03-22 08:27:33.727489,0
26,100,1000,10,True,PC,0,17,69,2024-03-22 08:27:33.754514,0
24,100,1000,10,True,PC,0,17,69,2024-03-22 08:27:33.779520,0
25,100,1000,10,True,PC,3,17,72,2024-03-22 08:27:33.805523,0
48,100,1000,10,False,PC,0,17,69,2024-03-22 08:27:33.855952,0
46,100,1000,10,False,PC,0,17,69,2024-03-22 08:27:33.905441,0
45,100,1000,10,False,PC,2,17,71,2024-03-22 08:27:33.953128,0
47,100,1000,10,False,PC,1,17,70,2024-03-22 08:27:34.002978,0
45,100,1000,10,False,PC,0,17,69,2024-03-22 08:27:34.050558,0
47,100,1000,10,False,PC,0,17,69,2024-03-22 08:27:34.099159,0
48,100,1000,10,False,PC,0,17,69,2024-03-22 08:27:34.149905,0
48,100,1000,10,False,PC,0,17,69,2024-03-22 08:27:34.200678,0
47,100,1000,10,False,PC,2,17,71,2024-03-22 08:27:34.250258,0
46,100,1000,10,False,PC,0,17,69,2024-03-22 08:27:34.298382,0
53,100,1000,20,True,PC,0,17,69,2024-03-22 08:27:34.353419,0
27,100,1000,20,True,PC,3,17,72,2024-03-22 08:27:34.383690,0
28,100,1000,20,True,PC,3,17,72,2024-03-22 08:27:34.413696,0
30,100,1000,20,True,PC,0,17,69,2024-03-22 08:27:34.445204,0
29,100,1000,20,True,PC,0,17,69,2024-03-22 08:27:34.476212,0
28,100,1000,20,True,PC,0,17,69,2024-03-22 08:27:34.505219,0
28,100,1000,20,True,PC,0,17,69,2024-03-22 08:27:34.534724,0
26,100,1000,20,True,PC,6,17,74,2024-03-22 08:27:34.561730,0
26,100,1000,20,True,PC,0,17,69,2024-03-22 08:27:34.591175,0
28,100,1000,20,True,PC,3,17,72,2024-03-22 08:27:34.621522,0
51,100,1000,20,False,PC,0,17,69,2024-03-22 08:27:34.675154,0
49,100,1000,20,False,PC,0,17,69,2024-03-22 08:27:34.726717,0
51,100,1000,20,False,PC,0,17,69,2024-03-22 08:27:34.778877,0
50,100,1000,20,False,PC,0,17,69,2024-03-22 08:27:34.832788,0
52,100,1000,20,False,PC,2,17,71,2024-03-22 08:27:34.886821,0
51,100,1000,20,False,PC,0,17,69,2024-03-22 08:27:34.939450,0
57,100,1000,20,False,PC,0,17,69,2024-03-22 08:27:34.998625,0
53,100,1000,20,False,PC,1,17,70,2024-03-22 08:27:35.052762,0
51,100,1000,20,False,PC,2,17,71,2024-03-22 08:27:35.106902,0
50,100,1000,20,False,PC,0,17,69,2024-03-22 08:27:35.159460,0
45,100,500,1,True,PC,0,17,69,2024-03-22 08:27:35.205769,0
20,100,500,1,True,PC,0,17,69,2024-03-22 08:27:35.228545,0
20,100,500,1,True,PC,0,17,69,2024-03-22 08:27:35.249969,0
20,100,500,1,True,PC,4,17,73,2024-03-22 08:27:35.271975,0
21,100,500,1,True,PC,0,17,69,2024-03-22 08:27:35.293980,0
21,100,500,1,True,PC,0,17,69,2024-03-22 08:27:35.315982,0
20,100,500,1,True,PC,0,17,69,2024-03-22 08:27:35.337488,0
22,100,500,1,True,PC,0,17,69,2024-03-22 08:27:35.361494,0
20,100,500,1,True,PC,6,17,74,2024-03-22 08:27:35.382499,0
21,100,500,1,True,PC,0,17,69,2024-03-22 08:27:35.405024,0
42,100,500,1,False,PC,0,17,69,2024-03-22 08:27:35.449910,0
42,100,500,1,False,PC,0,17,69,2024-03-22 08:27:35.495234,0
43,100,500,1,False,PC,2,17,71,2024-03-22 08:27:35.539896,0
43,100,500,1,False,PC,2,17,71,2024-03-22 08:27:35.584921,0
41,100,500,1,False,PC,0,17,69,2024-03-22 08:27:35.628522,0
44,100,500,1,False,PC,0,17,69,2024-03-22 08:27:35.673901,0
43,100,500,1,False,PC,0,17,69,2024-03-22 08:27:35.718961,0
42,100,500,1,False,PC,0,17,69,2024-03-22 08:27:35.763595,0
43,100,500,1,False,PC,2,17,71,2024-03-22 08:27:35.807761,0
42,100,500,1,False,PC,0,17,69,2024-03-22 08:27:35.851816,0
44,100,500,5,True,PC,2,17,71,2024-03-22 08:27:35.898098,0
23,100,500,5,True,PC,0,17,69,2024-03-22 08:27:35.922835,0
22,100,500,5,True,PC,0,17,69,2024-03-22 08:27:35.947887,0
22,100,500,5,True,PC,3,17,72,2024-03-22 08:27:35.970893,0
22,100,500,5,True,PC,0,17,69,2024-03-22 08:27:35.994899,0
22,100,500,5,True,PC,0,17,69,2024-03-22 08:27:36.017901,0
22,100,500,5,True,PC,0,17,69,2024-03-22 08:27:36.041408,0
23,100,500,5,True,PC,0,17,69,2024-03-22 08:27:36.065414,0
23,100,500,5,True,PC,0,17,69,2024-03-22 08:27:36.089419,0
22,100,500,5,True,PC,3,17,72,2024-03-22 08:27:36.113421,0
44,100,500,5,False,PC,0,17,69,2024-03-22 08:27:36.160271,0
43,100,500,5,False,PC,0,17,69,2024-03-22 08:27:36.205942,0
45,100,500,5,False,PC,2,17,71,2024-03-22 08:27:36.253057,0
48,100,500,5,False,PC,0,17,69,2024-03-22 08:27:36.303172,0
45,100,500,5,False,PC,2,17,71,2024-03-22 08:27:36.350247,0
45,100,500,5,False,PC,2,17,71,2024-03-22 08:27:36.397440,0
46,100,500,5,False,PC,0,17,69,2024-03-22 08:27:36.446015,0
45,100,500,5,False,PC,0,17,69,2024-03-22 08:27:36.492058,0
44,100,500,5,False,PC,0,17,69,2024-03-22 08:27:36.538106,0
45,100,500,5,False,PC,0,17,69,2024-03-22 08:27:36.585250,0
51,100,500,10,True,PC,0,17,69,2024-03-22 08:27:36.639998,0
25,100,500,10,True,PC,0,17,69,2024-03-22 08:27:36.667426,0
25,100,500,10,True,PC,3,17,72,2024-03-22 08:27:36.693432,0
25,100,500,10,True,PC,0,17,69,2024-03-22 08:27:36.719435,0
26,100,500,10,True,PC,0,17,69,2024-03-22 08:27:36.746503,0
25,100,500,10,True,PC,0,17,69,2024-03-22 08:27:36.772509,0
26,100,500,10,True,PC,6,17,74,2024-03-22 08:27:36.799515,0
23,100,500,10,True,PC,0,17,69,2024-03-22 08:27:36.826021,0
26,100,500,10,True,PC,0,17,69,2024-03-22 08:27:36.854417,0
25,100,500,10,True,PC,0,17,69,2024-03-22 08:27:36.880423,0
47,100,500,10,False,PC,2,17,71,2024-03-22 08:27:36.928478,0
47,100,500,10,False,PC,0,17,69,2024-03-22 08:27:36.977621,0
52,100,500,10,False,PC,0,17,69,2024-03-22 08:27:37.033461,0
48,100,500,10,False,PC,2,17,71,2024-03-22 08:27:37.083789,0
48,100,500,10,False,PC,0,17,69,2024-03-22 08:27:37.133414,0
48,100,500,10,False,PC,2,17,71,2024-03-22 08:27:37.183781,0
48,100,500,10,False,PC,0,17,69,2024-03-22 08:27:37.233613,0
47,100,500,10,False,PC,1,17,70,2024-03-22 08:27:37.282196,0
47,100,500,10,False,PC,2,17,71,2024-03-22 08:27:37.331801,0
45,100,500,10,False,PC,2,17,71,2024-03-22 08:27:37.379508,0
74,100,500,20,True,PC,0,17,69,2024-03-22 08:27:37.454903,0
27,100,500,20,True,PC,5,17,74,2024-03-22 08:27:37.485013,0
27,100,500,20,True,PC,3,17,72,2024-03-22 08:27:37.513070,0
24,100,500,20,True,PC,0,17,69,2024-03-22 08:27:37.540578,0
26,100,500,20,True,PC,3,17,72,2024-03-22 08:27:37.567601,0
26,100,500,20,True,PC,0,17,69,2024-03-22 08:27:37.594607,0
29,100,500,20,True,PC,0,17,69,2024-03-22 08:27:37.625114,0
25,100,500,20,True,PC,0,17,69,2024-03-22 08:27:37.652721,0
29,100,500,20,True,PC,3,17,72,2024-03-22 08:27:37.683215,0
29,100,500,20,True,PC,0,17,69,2024-03-22 08:27:37.713304,0
53,100,500,20,False,PC,0,17,69,2024-03-22 08:27:37.769121,0
50,100,500,20,False,PC,0,17,69,2024-03-22 08:27:37.821223,0
47,100,500,20,False,PC,0,17,69,2024-03-22 08:27:37.869918,0
51,100,500,20,False,PC,0,17,69,2024-03-22 08:27:37.923398,0
53,100,500,20,False,PC,0,17,69,2024-03-22 08:27:37.979276,0
51,100,500,20,False,PC,0,17,69,2024-03-22 08:27:38.032172,0
50,100,500,20,False,PC,0,17,69,2024-03-22 08:27:38.084258,0
49,100,500,20,False,PC,2,17,71,2024-03-22 08:27:38.135881,0
52,100,500,20,False,PC,0,17,69,2024-03-22 08:27:38.189460,0
52,100,500,20,False,PC,0,17,69,2024-03-22 08:27:38.245328,0
43,100,100,1,True,PC,0,17,69,2024-03-22 08:27:38.290801,0
20,100,100,1,True,PC,0,17,69,2024-03-22 08:27:38.311828,0
20,100,100,1,True,PC,0,17,69,2024-03-22 08:27:38.334335,0
22,100,100,1,True,PC,6,17,74,2024-03-22 08:27:38.358341,0
21,100,100,1,True,PC,0,17,69,2024-03-22 08:27:38.381529,0
20,100,100,1,True,PC,0,17,69,2024-03-22 08:27:38.402604,0
19,100,100,1,True,PC,3,17,72,2024-03-22 08:27:38.425107,0
20,100,100,1,True,PC,0,17,69,2024-03-22 08:27:38.447112,0
20,100,100,1,True,PC,0,17,69,2024-03-22 08:27:38.468117,0
21,100,100,1,True,PC,6,17,74,2024-03-22 08:27:38.490122,0
72,100,100,1,False,PC,0,17,69,2024-03-22 08:27:38.564760,0
42,100,100,1,False,PC,0,17,69,2024-03-22 08:27:38.609904,0
43,100,100,1,False,PC,0,17,69,2024-03-22 08:27:38.655029,0
42,100,100,1,False,PC,0,17,69,2024-03-22 08:27:38.699045,0
43,100,100,1,False,PC,0,17,69,2024-03-22 08:27:38.745600,0
44,100,100,1,False,PC,2,17,71,2024-03-22 08:27:38.791611,0
52,100,100,1,False,PC,1,17,70,2024-03-22 08:27:38.846516,0
42,100,100,1,False,PC,0,17,69,2024-03-22 08:27:38.891713,0
43,100,100,1,False,PC,2,17,71,2024-03-22 08:27:38.937241,0
43,100,100,1,False,PC,0,17,69,2024-03-22 08:27:38.981483,0
44,100,100,5,True,PC,0,17,69,2024-03-22 08:27:39.027006,0
23,100,100,5,True,PC,0,17,69,2024-03-22 08:27:39.052331,0
23,100,100,5,True,PC,0,17,69,2024-03-22 08:27:39.078368,0
22,100,100,5,True,PC,0,17,69,2024-03-22 08:27:39.102374,0
22,100,100,5,True,PC,0,17,69,2024-03-22 08:27:39.125879,0
22,100,100,5,True,PC,6,17,74,2024-03-22 08:27:39.149883,0
23,100,100,5,True,PC,0,17,69,2024-03-22 08:27:39.173889,0
22,100,100,5,True,PC,0,17,69,2024-03-22 08:27:39.196894,0
22,100,100,5,True,PC,3,17,72,2024-03-22 08:27:39.220896,0
21,100,100,5,True,PC,6,17,74,2024-03-22 08:27:39.245403,0
45,100,100,5,False,PC,0,17,69,2024-03-22 08:27:39.292733,0
44,100,100,5,False,PC,0,17,69,2024-03-22 08:27:39.338801,0
45,100,100,5,False,PC,0,17,69,2024-03-22 08:27:39.384900,0
51,100,100,5,False,PC,0,17,69,2024-03-22 08:27:39.439446,0
43,100,100,5,False,PC,0,17,69,2024-03-22 08:27:39.485211,0
45,100,100,5,False,PC,3,17,72,2024-03-22 08:27:39.532095,0
44,100,100,5,False,PC,0,17,69,2024-03-22 08:27:39.579160,0
44,100,100,5,False,PC,2,17,71,2024-03-22 08:27:39.624744,0
45,100,100,5,False,PC,0,17,69,2024-03-22 08:27:39.681221,0
48,100,100,5,False,PC,0,17,69,2024-03-22 08:27:39.731274,0
46,100,100,10,True,PC,2,17,71,2024-03-22 08:27:39.779671,0
26,100,100,10,True,PC,3,17,72,2024-03-22 08:27:39.806676,0
26,100,100,10,True,PC,0,17,69,2024-03-22 08:27:39.835179,0
25,100,100,10,True,PC,0,17,69,2024-03-22 08:27:39.861185,0
25,100,100,10,True,PC,0,17,69,2024-03-22 08:27:39.888192,0
25,100,100,10,True,PC,0,17,69,2024-03-22 08:27:39.914195,0
25,100,100,10,True,PC,0,17,69,2024-03-22 08:27:39.940702,0
25,100,100,10,True,PC,0,17,69,2024-03-22 08:27:39.968296,0
25,100,100,10,True,PC,3,17,72,2024-03-22 08:27:39.994353,0
26,100,100,10,True,PC,3,17,72,2024-03-22 08:27:40.022357,0
47,100,100,10,False,PC,2,17,71,2024-03-22 08:27:40.071926,0
47,100,100,10,False,PC,0,17,69,2024-03-22 08:27:40.120003,0
48,100,100,10,False,PC,0,17,69,2024-03-22 08:27:40.169448,0
51,100,100,10,False,PC,1,17,70,2024-03-22 08:27:40.223411,0
47,100,100,10,False,PC,0,17,69,2024-03-22 08:27:40.272948,0
49,100,100,10,False,PC,2,17,71,2024-03-22 08:27:40.323059,0
51,100,100,10,False,PC,0,17,69,2024-03-22 08:27:40.375365,0
47,100,100,10,False,PC,0,17,69,2024-03-22 08:27:40.425711,0
46,100,100,10,False,PC,4,17,73,2024-03-22 08:27:40.473997,0
51,100,100,10,False,PC,0,17,69,2024-03-22 08:27:40.527537,0
53,100,100,20,True,PC,0,17,69,2024-03-22 08:27:40.581630,0
27,100,100,20,True,PC,0,17,69,2024-03-22 08:27:40.611037,0
27,100,100,20,True,PC,0,17,69,2024-03-22 08:27:40.640856,0
28,100,100,20,True,PC,0,17,69,2024-03-22 08:27:40.670111,0
28,100,100,20,True,PC,0,17,69,2024-03-22 08:27:40.699118,0
27,100,100,20,True,PC,0,17,69,2024-03-22 08:27:40.727625,0
25,100,100,20,True,PC,0,17,69,2024-03-22 08:27:40.754632,0
31,100,100,20,True,PC,3,17,72,2024-03-22 08:27:40.787640,0
28,100,100,20,True,PC,0,17,69,2024-03-22 08:27:40.816694,0
28,100,100,20,True,PC,0,17,69,2024-03-22 08:27:40.847845,0
52,100,100,20,False,PC,0,17,69,2024-03-22 08:27:40.901176,0
50,100,100,20,False,PC,0,17,69,2024-03-22 08:27:40.952775,0
58,100,100,20,False,PC,0,17,69,2024-03-22 08:27:41.012210,0
50,100,100,20,False,PC,0,17,69,2024-03-22 08:27:41.065783,0
54,100,100,20,False,PC,0,17,69,2024-03-22 08:27:41.120884,0
55,100,100,20,False,PC,1,17,70,2024-03-22 08:27:41.177563,0
51,100,100,20,False,PC,2,17,71,2024-03-22 08:27:41.232206,0
59,100,100,20,False,PC,1,17,70,2024-03-22 08:27:41.293914,0
51,100,100,20,False,PC,0,17,69,2024-03-22 08:27:41.346456,0
49,100,100,20,False,PC,2,17,71,2024-03-22 08:27:41.396698,0
68,100,50,1,True,PC,1,17,70,2024-03-22 08:27:41.466951,0
21,100,50,1,True,PC,3,17,72,2024-03-22 08:27:41.488965,0
21,100,50,1,True,PC,0,17,69,2024-03-22 08:27:41.510967,0
20,100,50,1,True,PC,0,17,69,2024-03-22 08:27:41.533474,0
21,100,50,1,True,PC,6,17,74,2024-03-22 08:27:41.555479,0
21,100,50,1,True,PC,6,17,74,2024-03-22 08:27:41.577484,0
21,100,50,1,True,PC,0,17,69,2024-03-22 08:27:41.599490,0
20,100,50,1,True,PC,0,17,69,2024-03-22 08:27:41.620491,0
21,100,50,1,True,PC,0,17,69,2024-03-22 08:27:41.642998,0
20,100,50,1,True,PC,0,17,69,2024-03-22 08:27:41.664003,0
74,100,50,1,False,PC,0,17,69,2024-03-22 08:27:41.741459,0
67,100,50,1,False,PC,0,17,69,2024-03-22 08:27:41.809789,0
83,100,50,1,False,PC,1,17,70,2024-03-22 08:27:41.895064,0
68,100,50,1,False,PC,0,17,69,2024-03-22 08:27:41.965219,0
66,100,50,1,False,PC,2,17,71,2024-03-22 08:27:42.032820,0
66,100,50,1,False,PC,1,17,70,2024-03-22 08:27:42.100913,0
66,100,50,1,False,PC,0,17,69,2024-03-22 08:27:42.169138,0
64,100,50,1,False,PC,2,17,71,2024-03-22 08:27:42.237071,0
67,100,50,1,False,PC,1,17,70,2024-03-22 08:27:42.305111,0
76,100,50,1,False,PC,0,17,69,2024-03-22 08:27:42.383633,0
69,100,50,5,True,PC,0,17,69,2024-03-22 08:27:42.454134,0
22,100,50,5,True,PC,0,17,69,2024-03-22 08:27:42.478133,0
23,100,50,5,True,PC,0,17,69,2024-03-22 08:27:42.502170,0
22,100,50,5,True,PC,0,17,69,2024-03-22 08:27:42.525172,0
22,100,50,5,True,PC,0,17,69,2024-03-22 08:27:42.548679,0
22,100,50,5,True,PC,0,17,69,2024-03-22 08:27:42.571684,0
22,100,50,5,True,PC,0,17,69,2024-03-22 08:27:42.595690,0
23,100,50,5,True,PC,0,17,69,2024-03-22 08:27:42.619741,0
22,100,50,5,True,PC,0,17,69,2024-03-22 08:27:42.644279,0
22,100,50,5,True,PC,0,17,69,2024-03-22 08:27:42.669350,0
71,100,50,5,False,PC,0,17,69,2024-03-22 08:27:42.741601,0
68,100,50,5,False,PC,0,17,69,2024-03-22 08:27:42.811718,0
70,100,50,5,False,PC,1,17,70,2024-03-22 08:27:42.884836,0
78,100,50,5,False,PC,0,17,69,2024-03-22 08:27:42.964905,0
76,100,50,5,False,PC,0,17,69,2024-03-22 08:27:43.043307,0
68,100,50,5,False,PC,0,17,69,2024-03-22 08:27:43.114361,0
72,100,50,5,False,PC,0,17,69,2024-03-22 08:27:43.188152,0
75,100,50,5,False,PC,0,17,69,2024-03-22 08:27:43.267151,0
67,100,50,5,False,PC,0,17,69,2024-03-22 08:27:43.336338,0
68,100,50,5,False,PC,0,17,69,2024-03-22 08:27:43.407054,0
70,100,50,10,True,PC,0,17,69,2024-03-22 08:27:43.478931,0
25,100,50,10,True,PC,0,17,69,2024-03-22 08:27:43.507183,0
25,100,50,10,True,PC,3,17,72,2024-03-22 08:27:43.533250,0
25,100,50,10,True,PC,6,17,74,2024-03-22 08:27:43.561418,0
25,100,50,10,True,PC,3,17,72,2024-03-22 08:27:43.587629,0
23,100,50,10,True,PC,3,17,72,2024-03-22 08:27:43.613980,0
25,100,50,10,True,PC,0,17,69,2024-03-22 08:27:43.640005,0
24,100,50,10,True,PC,0,17,69,2024-03-22 08:27:43.666113,0
23,100,50,10,True,PC,3,17,72,2024-03-22 08:27:43.692396,0
24,100,50,10,True,PC,0,17,69,2024-03-22 08:27:43.717925,0
74,100,50,10,False,PC,0,17,69,2024-03-22 08:27:43.798059,0
81,100,50,10,False,PC,1,17,70,2024-03-22 08:27:43.880633,0
72,100,50,10,False,PC,0,17,69,2024-03-22 08:27:43.955652,0
71,100,50,10,False,PC,0,17,69,2024-03-22 08:27:44.028732,0
71,100,50,10,False,PC,0,17,69,2024-03-22 08:27:44.100869,0
74,100,50,10,False,PC,0,17,69,2024-03-22 08:27:44.175969,0
71,100,50,10,False,PC,1,17,70,2024-03-22 08:27:44.249896,0
70,100,50,10,False,PC,0,17,69,2024-03-22 08:27:44.322386,0
77,100,50,10,False,PC,0,17,69,2024-03-22 08:27:44.401605,0
73,100,50,10,False,PC,0,17,69,2024-03-22 08:27:44.475863,0
73,100,50,20,True,PC,0,17,69,2024-03-22 08:27:44.551061,0
29,100,50,20,True,PC,0,17,69,2024-03-22 08:27:44.581068,0
26,100,50,20,True,PC,0,17,69,2024-03-22 08:27:44.609075,0
29,100,50,20,True,PC,0,17,69,2024-03-22 08:27:44.640382,0
30,100,50,20,True,PC,0,17,69,2024-03-22 08:27:44.671390,0
25,100,50,20,True,PC,3,17,72,2024-03-22 08:27:44.698463,0
26,100,50,20,True,PC,0,17,69,2024-03-22 08:27:44.725465,0
26,100,50,20,True,PC,3,17,72,2024-03-22 08:27:44.753974,0
28,100,50,20,True,PC,3,17,72,2024-03-22 08:27:44.782980,0
26,100,50,20,True,PC,6,17,74,2024-03-22 08:27:44.809987,0
75,100,50,20,False,PC,0,17,69,2024-03-22 08:27:44.887191,0
75,100,50,20,False,PC,1,17,70,2024-03-22 08:27:44.964380,0
76,100,50,20,False,PC,1,17,70,2024-03-22 08:27:45.041402,0
75,100,50,20,False,PC,2,17,71,2024-03-22 08:27:45.119468,0
74,100,50,20,False,PC,0,17,69,2024-03-22 08:27:45.195065,0
72,100,50,20,False,PC,0,17,69,2024-03-22 08:27:45.270376,0
73,100,50,20,False,PC,0,17,69,2024-03-22 08:27:45.346070,0
75,100,50,20,False,PC,1,17,70,2024-03-22 08:27:45.423455,0
74,100,50,20,False,PC,0,17,69,2024-03-22 08:27:45.500130,0
74,100,50,20,False,PC,0,17,69,2024-03-22 08:27:45.575375,0
91,500,10000,1,True,PC,0,17,69,2024-03-22 08:27:45.669075,0
21,500,10000,1,True,PC,0,17,69,2024-03-22 08:27:45.691134,0
21,500,10000,1,True,PC,6,17,74,2024-03-22 08:27:45.714139,0
21,500,10000,1,True,PC,0,17,69,2024-03-22 08:27:45.737644,0
20,500,10000,1,True,PC,0,17,69,2024-03-22 08:27:45.759677,0
20,500,10000,1,True,PC,0,17,69,2024-03-22 08:27:45.781708,0
21,500,10000,1,True,PC,0,17,69,2024-03-22 08:27:45.803712,0
21,500,10000,1,True,PC,0,17,69,2024-03-22 08:27:45.825715,0
20,500,10000,1,True,PC,0,17,69,2024-03-22 08:27:45.848221,0
21,500,10000,1,True,PC,0,17,69,2024-03-22 08:27:45.871227,0
70,500,10000,1,False,PC,0,17,69,2024-03-22 08:27:45.944051,0
47,500,10000,1,False,PC,0,17,69,2024-03-22 08:27:45.993916,0
54,500,10000,1,False,PC,0,17,69,2024-03-22 08:27:46.050536,0
46,500,10000,1,False,PC,0,17,69,2024-03-22 08:27:46.098861,0
47,500,10000,1,False,PC,2,17,71,2024-03-22 08:27:46.148420,0
47,500,10000,1,False,PC,0,17,69,2024-03-22 08:27:46.198066,0
48,500,10000,1,False,PC,2,17,71,2024-03-22 08:27:46.248098,0
48,500,10000,1,False,PC,2,17,71,2024-03-22 08:27:46.298211,0
54,500,10000,1,False,PC,0,17,69,2024-03-22 08:27:46.353837,0
46,500,10000,1,False,PC,0,17,69,2024-03-22 08:27:46.403676,0
49,500,10000,5,True,PC,0,17,69,2024-03-22 08:27:46.453790,0
22,500,10000,5,True,PC,0,17,69,2024-03-22 08:27:46.478797,0
23,500,10000,5,True,PC,0,17,69,2024-03-22 08:27:46.502802,0
23,500,10000,5,True,PC,0,17,69,2024-03-22 08:27:46.526835,0
23,500,10000,5,True,PC,3,17,72,2024-03-22 08:27:46.551203,0
22,500,10000,5,True,PC,0,17,69,2024-03-22 08:27:46.576209,0
23,500,10000,5,True,PC,0,17,69,2024-03-22 08:27:46.601247,0
22,500,10000,5,True,PC,0,17,69,2024-03-22 08:27:46.624250,0
23,500,10000,5,True,PC,3,17,72,2024-03-22 08:27:46.648865,0
24,500,10000,5,True,PC,0,17,69,2024-03-22 08:27:46.673871,0
51,500,10000,5,False,PC,0,17,69,2024-03-22 08:27:46.726176,0
48,500,10000,5,False,PC,0,17,69,2024-03-22 08:27:46.775653,0
48,500,10000,5,False,PC,4,17,73,2024-03-22 08:27:46.827432,0
48,500,10000,5,False,PC,0,17,69,2024-03-22 08:27:46.877640,0
49,500,10000,5,False,PC,2,17,71,2024-03-22 08:27:46.927740,0
49,500,10000,5,False,PC,2,17,71,2024-03-22 08:27:46.977914,0
49,500,10000,5,False,PC,0,17,69,2024-03-22 08:27:47.029169,0
49,500,10000,5,False,PC,1,17,70,2024-03-22 08:27:47.081016,0
49,500,10000,5,False,PC,2,17,71,2024-03-22 08:27:47.131199,0
49,500,10000,5,False,PC,0,17,69,2024-03-22 08:27:47.181970,0
52,500,10000,10,True,PC,0,17,69,2024-03-22 08:27:47.236070,0
26,500,10000,10,True,PC,6,17,74,2024-03-22 08:27:47.263077,0
25,500,10000,10,True,PC,0,17,69,2024-03-22 08:27:47.291083,0
27,500,10000,10,True,PC,0,17,69,2024-03-22 08:27:47.319087,0
25,500,10000,10,True,PC,0,17,69,2024-03-22 08:27:47.345658,0
25,500,10000,10,True,PC,0,17,69,2024-03-22 08:27:47.371677,0
26,500,10000,10,True,PC,0,17,69,2024-03-22 08:27:47.398683,0
24,500,10000,10,True,PC,0,17,69,2024-03-22 08:27:47.423685,0
24,500,10000,10,True,PC,6,17,74,2024-03-22 08:27:47.451193,0
25,500,10000,10,True,PC,0,17,69,2024-03-22 08:27:47.477277,0
54,500,10000,10,False,PC,0,17,69,2024-03-22 08:27:47.533063,0
53,500,10000,10,False,PC,2,17,71,2024-03-22 08:27:47.589306,0
52,500,10000,10,False,PC,0,17,69,2024-03-22 08:27:47.642853,0
58,500,10000,10,False,PC,0,17,69,2024-03-22 08:27:47.704846,0
51,500,10000,10,False,PC,2,17,71,2024-03-22 08:27:47.759450,0
52,500,10000,10,False,PC,1,17,70,2024-03-22 08:27:47.813869,0
52,500,10000,10,False,PC,0,17,69,2024-03-22 08:27:47.871112,0
54,500,10000,10,False,PC,0,17,69,2024-03-22 08:27:47.928591,0
52,500,10000,10,False,PC,0,17,69,2024-03-22 08:27:47.983469,0
51,500,10000,10,False,PC,1,17,70,2024-03-22 08:27:48.035999,0
53,500,10000,20,True,PC,0,17,69,2024-03-22 08:27:48.091606,0
25,500,10000,20,True,PC,0,17,69,2024-03-22 08:27:48.118769,0
27,500,10000,20,True,PC,0,17,69,2024-03-22 08:27:48.147032,0
27,500,10000,20,True,PC,6,17,74,2024-03-22 08:27:48.176812,0
29,500,10000,20,True,PC,0,17,69,2024-03-22 08:27:48.208091,0
29,500,10000,20,True,PC,0,17,69,2024-03-22 08:27:48.238702,0
27,500,10000,20,True,PC,0,17,69,2024-03-22 08:27:48.266708,0
26,500,10000,20,True,PC,0,17,69,2024-03-22 08:27:48.294715,0
28,500,10000,20,True,PC,3,17,72,2024-03-22 08:27:48.323719,0
27,500,10000,20,True,PC,3,17,72,2024-03-22 08:27:48.353228,0
55,500,10000,20,False,PC,1,17,70,2024-03-22 08:27:48.410136,0
56,500,10000,20,False,PC,0,17,69,2024-03-22 08:27:48.469637,0
54,500,10000,20,False,PC,1,17,70,2024-03-22 08:27:48.525997,0
55,500,10000,20,False,PC,0,17,69,2024-03-22 08:27:48.583995,0
55,500,10000,20,False,PC,0,17,69,2024-03-22 08:27:48.641104,0
54,500,10000,20,False,PC,1,17,70,2024-03-22 08:27:48.697685,0
55,500,10000,20,False,PC,0,17,69,2024-03-22 08:27:48.754641,0
64,500,10000,20,False,PC,0,17,69,2024-03-22 08:27:48.821046,0
55,500,10000,20,False,PC,3,17,72,2024-03-22 08:27:48.877360,0
55,500,10000,20,False,PC,0,17,69,2024-03-22 08:27:48.934701,0
47,500,1000,1,True,PC,0,17,69,2024-03-22 08:27:48.983820,0
20,500,1000,1,True,PC,6,17,74,2024-03-22 08:27:49.006179,0
21,500,1000,1,True,PC,0,17,69,2024-03-22 08:27:49.029181,0
20,500,1000,1,True,PC,3,17,72,2024-03-22 08:27:49.051706,0
20,500,1000,1,True,PC,0,17,69,2024-03-22 08:27:49.073793,0
20,500,1000,1,True,PC,0,17,69,2024-03-22 08:27:49.094846,0
21,500,1000,1,True,PC,0,17,69,2024-03-22 08:27:49.117852,0
21,500,1000,1,True,PC,0,17,69,2024-03-22 08:27:49.140356,0
21,500,1000,1,True,PC,0,17,69,2024-03-22 08:27:49.162387,0
20,500,1000,1,True,PC,0,17,69,2024-03-22 08:27:49.184911,0
48,500,1000,1,False,PC,1,17,71,2024-03-22 08:27:49.234453,0
49,500,1000,1,False,PC,0,17,69,2024-03-22 08:27:49.285788,0
46,500,1000,1,False,PC,0,17,69,2024-03-22 08:27:49.335079,0
47,500,1000,1,False,PC,0,17,69,2024-03-22 08:27:49.383517,0
47,500,1000,1,False,PC,0,17,69,2024-03-22 08:27:49.432791,0
46,500,1000,1,False,PC,2,17,71,2024-03-22 08:27:49.480958,0
48,500,1000,1,False,PC,2,17,71,2024-03-22 08:27:49.530243,0
54,500,1000,1,False,PC,1,17,70,2024-03-22 08:27:49.585837,0
48,500,1000,1,False,PC,0,17,69,2024-03-22 08:27:49.636390,0
47,500,1000,1,False,PC,0,17,69,2024-03-22 08:27:49.684880,0
62,500,1000,5,True,PC,0,17,69,2024-03-22 08:27:49.749710,0
23,500,1000,5,True,PC,3,17,72,2024-03-22 08:27:49.774716,0
23,500,1000,5,True,PC,0,17,69,2024-03-22 08:27:49.798722,0
24,500,1000,5,True,PC,0,17,69,2024-03-22 08:27:49.823724,0
23,500,1000,5,True,PC,3,17,72,2024-03-22 08:27:49.848232,0
23,500,1000,5,True,PC,0,17,69,2024-03-22 08:27:49.872238,0
23,500,1000,5,True,PC,3,17,72,2024-03-22 08:27:49.897244,0
23,500,1000,5,True,PC,0,17,69,2024-03-22 08:27:49.921247,0
23,500,1000,5,True,PC,0,17,69,2024-03-22 08:27:49.945794,0
23,500,1000,5,True,PC,0,17,69,2024-03-22 08:27:49.970829,0
50,500,1000,5,False,PC,0,17,69,2024-03-22 08:27:50.022910,0
50,500,1000,5,False,PC,2,17,71,2024-03-22 08:27:50.074850,0
49,500,1000,5,False,PC,1,17,70,2024-03-22 08:27:50.126714,0
48,500,1000,5,False,PC,0,17,69,2024-03-22 08:27:50.178512,0
49,500,1000,5,False,PC,0,17,69,2024-03-22 08:27:50.230020,0
49,500,1000,5,False,PC,2,17,71,2024-03-22 08:27:50.281410,0
50,500,1000,5,False,PC,0,17,69,2024-03-22 08:27:50.333552,0
49,500,1000,5,False,PC,2,17,71,2024-03-22 08:27:50.384865,0
57,500,1000,5,False,PC,0,17,69,2024-03-22 08:27:50.443979,0
47,500,1000,5,False,PC,2,17,71,2024-03-22 08:27:50.493812,0
51,500,1000,10,True,PC,0,17,69,2024-03-22 08:27:50.546100,0
25,500,1000,10,True,PC,0,17,69,2024-03-22 08:27:50.572345,0
24,500,1000,10,True,PC,3,17,72,2024-03-22 08:27:50.599493,0
26,500,1000,10,True,PC,0,17,69,2024-03-22 08:27:50.626496,0
24,500,1000,10,True,PC,0,17,69,2024-03-22 08:27:50.653004,0
26,500,1000,10,True,PC,0,17,69,2024-03-22 08:27:50.680010,0
25,500,1000,10,True,PC,0,17,69,2024-03-22 08:27:50.706471,0
24,500,1000,10,True,PC,0,17,69,2024-03-22 08:27:50.732474,0
24,500,1000,10,True,PC,3,17,72,2024-03-22 08:27:50.758983,0
25,500,1000,10,True,PC,0,17,69,2024-03-22 08:27:50.786086,0
53,500,1000,10,False,PC,0,17,69,2024-03-22 08:27:50.842168,0
53,500,1000,10,False,PC,1,17,70,2024-03-22 08:27:50.897237,0
52,500,1000,10,False,PC,0,17,69,2024-03-22 08:27:50.952047,0
51,500,1000,10,False,PC,1,17,70,2024-03-22 08:27:51.005858,0
51,500,1000,10,False,PC,0,17,69,2024-03-22 08:27:51.058720,0
53,500,1000,10,False,PC,0,17,69,2024-03-22 08:27:51.114048,0
51,500,1000,10,False,PC,2,17,71,2024-03-22 08:27:51.166149,0
52,500,1000,10,False,PC,0,17,69,2024-03-22 08:27:51.220696,0
53,500,1000,10,False,PC,2,17,71,2024-03-22 08:27:51.275824,0
61,500,1000,10,False,PC,0,17,69,2024-03-22 08:27:51.338384,0
64,500,1000,20,True,PC,0,17,69,2024-03-22 08:27:51.404756,0
30,500,1000,20,True,PC,3,17,72,2024-03-22 08:27:51.436267,0
27,500,1000,20,True,PC,0,17,69,2024-03-22 08:27:51.465314,0
26,500,1000,20,True,PC,0,17,69,2024-03-22 08:27:51.493444,0
26,500,1000,20,True,PC,3,17,72,2024-03-22 08:27:51.520450,0
28,500,1000,20,True,PC,0,17,69,2024-03-22 08:27:51.550956,0
26,500,1000,20,True,PC,3,17,72,2024-03-22 08:27:51.579010,0
27,500,1000,20,True,PC,0,17,69,2024-03-22 08:27:51.607017,0
27,500,1000,20,True,PC,6,17,74,2024-03-22 08:27:51.635021,0
27,500,1000,20,True,PC,0,17,69,2024-03-22 08:27:51.663819,0
56,500,1000,20,False,PC,0,17,69,2024-03-22 08:27:51.723137,0
54,500,1000,20,False,PC,0,17,69,2024-03-22 08:27:51.779569,0
55,500,1000,20,False,PC,0,17,69,2024-03-22 08:27:51.836271,0
54,500,1000,20,False,PC,0,17,69,2024-03-22 08:27:51.893328,0
55,500,1000,20,False,PC,0,17,69,2024-03-22 08:27:51.950443,0
58,500,1000,20,False,PC,0,17,69,2024-03-22 08:27:52.010538,0
54,500,1000,20,False,PC,0,17,69,2024-03-22 08:27:52.066404,0
57,500,1000,20,False,PC,1,17,70,2024-03-22 08:27:52.126947,0
56,500,1000,20,False,PC,0,17,69,2024-03-22 08:27:52.185021,0
53,500,1000,20,False,PC,1,17,70,2024-03-22 08:27:52.240592,0
47,500,500,1,True,PC,2,17,71,2024-03-22 08:27:52.289658,0
21,500,500,1,True,PC,6,17,74,2024-03-22 08:27:52.311663,0
21,500,500,1,True,PC,6,17,74,2024-03-22 08:27:52.334118,0
21,500,500,1,True,PC,5,17,74,2024-03-22 08:27:52.359238,0
20,500,500,1,True,PC,0,17,69,2024-03-22 08:27:52.380590,0
20,500,500,1,True,PC,0,17,69,2024-03-22 08:27:52.402596,0
21,500,500,1,True,PC,0,17,69,2024-03-22 08:27:52.425598,0
21,500,500,1,True,PC,0,17,69,2024-03-22 08:27:52.448105,0
21,500,500,1,True,PC,0,17,69,2024-03-22 08:27:52.470110,0
21,500,500,1,True,PC,0,17,69,2024-03-22 08:27:52.492115,0
50,500,500,1,False,PC,0,17,69,2024-03-22 08:27:52.544101,0
46,500,500,1,False,PC,0,17,69,2024-03-22 08:27:52.592776,0
47,500,500,1,False,PC,3,17,72,2024-03-22 08:27:52.641732,0
46,500,500,1,False,PC,2,17,71,2024-03-22 08:27:52.689861,0
47,500,500,1,False,PC,2,17,71,2024-03-22 08:27:52.739692,0
47,500,500,1,False,PC,0,17,69,2024-03-22 08:27:52.789366,0
46,500,500,1,False,PC,2,17,71,2024-03-22 08:27:52.838225,0
49,500,500,1,False,PC,2,17,71,2024-03-22 08:27:52.889483,0
49,500,500,1,False,PC,1,17,70,2024-03-22 08:27:52.941117,0
54,500,500,1,False,PC,0,17,69,2024-03-22 08:27:52.996323,0
49,500,500,5,True,PC,0,17,69,2024-03-22 08:27:53.048697,0
23,500,500,5,True,PC,0,17,69,2024-03-22 08:27:53.073703,0
23,500,500,5,True,PC,6,17,74,2024-03-22 08:27:53.098725,0
23,500,500,5,True,PC,0,17,69,2024-03-22 08:27:53.122731,0
22,500,500,5,True,PC,3,17,72,2024-03-22 08:27:53.146235,0
23,500,500,5,True,PC,6,17,74,2024-03-22 08:27:53.170240,0
23,500,500,5,True,PC,3,17,72,2024-03-22 08:27:53.195246,0
22,500,500,5,True,PC,0,17,69,2024-03-22 08:27:53.219252,0
23,500,500,5,True,PC,5,17,73,2024-03-22 08:27:53.243612,0
22,500,500,5,True,PC,0,17,69,2024-03-22 08:27:53.268366,0
50,500,500,5,False,PC,0,17,69,2024-03-22 08:27:53.321906,0
48,500,500,5,False,PC,0,17,69,2024-03-22 08:27:53.372545,0
67,500,500,5,False,PC,0,17,69,2024-03-22 08:27:53.442457,0
50,500,500,5,False,PC,0,17,69,2024-03-22 08:27:53.494837,0
49,500,500,5,False,PC,0,17,69,2024-03-22 08:27:53.545842,0
47,500,500,5,False,PC,0,17,69,2024-03-22 08:27:53.595664,0
48,500,500,5,False,PC,0,17,69,2024-03-22 08:27:53.645263,0
48,500,500,5,False,PC,0,17,69,2024-03-22 08:27:53.696893,0
49,500,500,5,False,PC,0,17,69,2024-03-22 08:27:53.747406,0
49,500,500,5,False,PC,0,17,69,2024-03-22 08:27:53.797585,0
51,500,500,10,True,PC,2,17,71,2024-03-22 08:27:53.849663,0
26,500,500,10,True,PC,0,17,69,2024-03-22 08:27:53.876975,0
23,500,500,10,True,PC,0,17,69,2024-03-22 08:27:53.903848,0
26,500,500,10,True,PC,3,17,72,2024-03-22 08:27:53.931855,0
25,500,500,10,True,PC,0,17,69,2024-03-22 08:27:53.958169,0
26,500,500,10,True,PC,3,17,72,2024-03-22 08:27:53.985175,0
26,500,500,10,True,PC,0,17,69,2024-03-22 08:27:54.012181,0
24,500,500,10,True,PC,0,17,69,2024-03-22 08:27:54.038689,0
25,500,500,10,True,PC,0,17,69,2024-03-22 08:27:54.065693,0
25,500,500,10,True,PC,0,17,69,2024-03-22 08:27:54.092699,0
52,500,500,10,False,PC,0,17,69,2024-03-22 08:27:54.147288,0
64,500,500,10,False,PC,0,17,69,2024-03-22 08:27:54.213404,0
51,500,500,10,False,PC,0,17,69,2024-03-22 08:27:54.265622,0
52,500,500,10,False,PC,1,17,70,2024-03-22 08:27:54.319017,0
52,500,500,10,False,PC,0,17,69,2024-03-22 08:27:54.374673,0
51,500,500,10,False,PC,1,17,70,2024-03-22 08:27:54.427922,0
53,500,500,10,False,PC,0,17,69,2024-03-22 08:27:54.482256,0
52,500,500,10,False,PC,0,17,69,2024-03-22 08:27:54.536600,0
52,500,500,10,False,PC,6,17,74,2024-03-22 08:27:54.592336,0
53,500,500,10,False,PC,0,17,69,2024-03-22 08:27:54.647416,0
55,500,500,20,True,PC,0,17,69,2024-03-22 08:27:54.705124,0
26,500,500,20,True,PC,0,17,69,2024-03-22 08:27:54.733405,0
27,500,500,20,True,PC,0,17,69,2024-03-22 08:27:54.762662,0
29,500,500,20,True,PC,0,17,69,2024-03-22 08:27:54.794543,0
25,500,500,20,True,PC,0,17,69,2024-03-22 08:27:54.821612,0
28,500,500,20,True,PC,0,17,69,2024-03-22 08:27:54.851187,0
28,500,500,20,True,PC,0,17,69,2024-03-22 08:27:54.880240,0
26,500,500,20,True,PC,3,17,72,2024-03-22 08:27:54.908288,0
28,500,500,20,True,PC,0,17,69,2024-03-22 08:27:54.937292,0
28,500,500,20,True,PC,3,17,72,2024-03-22 08:27:54.967802,0
56,500,500,20,False,PC,0,17,69,2024-03-22 08:27:55.025948,0
67,500,500,20,False,PC,0,17,69,2024-03-22 08:27:55.095732,0
54,500,500,20,False,PC,2,17,71,2024-03-22 08:27:55.151509,0
55,500,500,20,False,PC,0,17,69,2024-03-22 08:27:55.209808,0
54,500,500,20,False,PC,1,17,70,2024-03-22 08:27:55.266598,0
58,500,500,20,False,PC,0,17,69,2024-03-22 08:27:55.326669,0
55,500,500,20,False,PC,1,17,70,2024-03-22 08:27:55.384247,0
55,500,500,20,False,PC,0,17,69,2024-03-22 08:27:55.442218,0
53,500,500,20,False,PC,0,17,69,2024-03-22 08:27:55.497059,0
55,500,500,20,False,PC,1,17,70,2024-03-22 08:27:55.554867,0
166,500,100,1,True,PC,0,17,70,2024-03-22 08:27:55.723830,0
21,500,100,1,True,PC,6,17,74,2024-03-22 08:27:55.746333,0
21,500,100,1,True,PC,6,17,74,2024-03-22 08:27:55.769338,0
21,500,100,1,True,PC,0,17,69,2024-03-22 08:27:55.791486,0
20,500,100,1,True,PC,0,17,69,2024-03-22 08:27:55.813648,0
20,500,100,1,True,PC,0,17,69,2024-03-22 08:27:55.835709,0
20,500,100,1,True,PC,0,17,69,2024-03-22 08:27:55.858216,0
21,500,100,1,True,PC,0,17,69,2024-03-22 08:27:55.881221,0
20,500,100,1,True,PC,0,17,69,2024-03-22 08:27:55.903227,0
21,500,100,1,True,PC,0,17,69,2024-03-22 08:27:55.925232,0
960,500,100,1,False,PC,0,17,69,2024-03-22 08:27:56.887897,0
468,500,100,1,False,PC,0,17,69,2024-03-22 08:27:57.359339,0
143,500,100,1,False,PC,0,17,69,2024-03-22 08:27:57.504791,0
141,500,100,1,False,PC,0,17,69,2024-03-22 08:27:57.648173,0
144,500,100,1,False,PC,0,17,70,2024-03-22 08:27:57.794566,0
152,500,100,1,False,PC,0,17,70,2024-03-22 08:27:57.949555,0
154,500,100,1,False,PC,0,17,70,2024-03-22 08:27:58.104563,0
146,500,100,1,False,PC,1,17,70,2024-03-22 08:27:58.252973,0
146,500,100,1,False,PC,0,17,70,2024-03-22 08:27:58.400909,0
142,500,100,1,False,PC,0,17,69,2024-03-22 08:27:58.546104,0
158,500,100,5,True,PC,0,17,69,2024-03-22 08:27:58.706786,0
22,500,100,5,True,PC,0,17,69,2024-03-22 08:27:58.735699,0
22,500,100,5,True,PC,6,17,74,2024-03-22 08:27:58.759206,0
23,500,100,5,True,PC,0,17,69,2024-03-22 08:27:58.784212,0
24,500,100,5,True,PC,0,17,69,2024-03-22 08:27:58.809218,0
23,500,100,5,True,PC,3,17,72,2024-03-22 08:27:58.834220,0
22,500,100,5,True,PC,0,17,69,2024-03-22 08:27:58.857728,0
22,500,100,5,True,PC,0,17,69,2024-03-22 08:27:58.881734,0
23,500,100,5,True,PC,0,17,69,2024-03-22 08:27:58.905740,0
23,500,100,5,True,PC,0,17,69,2024-03-22 08:27:58.930743,0
144,500,100,5,False,PC,0,17,69,2024-03-22 08:27:59.077621,0
167,500,100,5,False,PC,0,17,70,2024-03-22 08:27:59.246256,0
146,500,100,5,False,PC,0,17,69,2024-03-22 08:27:59.394516,0
142,500,100,5,False,PC,0,17,69,2024-03-22 08:27:59.538968,0
148,500,100,5,False,PC,0,17,70,2024-03-22 08:27:59.689905,0
171,500,100,5,False,PC,0,17,69,2024-03-22 08:27:59.863588,0
150,500,100,5,False,PC,0,17,69,2024-03-22 08:28:00.016156,0
145,500,100,5,False,PC,0,17,69,2024-03-22 08:28:00.163594,0
151,500,100,5,False,PC,1,17,70,2024-03-22 08:28:00.316654,0
144,500,100,5,False,PC,0,17,69,2024-03-22 08:28:00.463624,0
148,500,100,10,True,PC,0,17,69,2024-03-22 08:28:00.614383,0
24,500,100,10,True,PC,0,17,69,2024-03-22 08:28:00.642412,0
25,500,100,10,True,PC,0,17,69,2024-03-22 08:28:00.669919,0
26,500,100,10,True,PC,0,17,69,2024-03-22 08:28:00.696926,0
25,500,100,10,True,PC,3,17,72,2024-03-22 08:28:00.722932,0
25,500,100,10,True,PC,6,17,74,2024-03-22 08:28:00.750472,0
24,500,100,10,True,PC,0,17,69,2024-03-22 08:28:00.776513,0
25,500,100,10,True,PC,3,17,72,2024-03-22 08:28:00.803519,0
25,500,100,10,True,PC,3,17,72,2024-03-22 08:28:00.829525,0
26,500,100,10,True,PC,0,17,69,2024-03-22 08:28:00.857030,0
153,500,100,10,False,PC,0,17,69,2024-03-22 08:28:01.012986,0
146,500,100,10,False,PC,0,17,70,2024-03-22 08:28:01.161983,0
156,500,100,10,False,PC,0,17,69,2024-03-22 08:28:01.320747,0
157,500,100,10,False,PC,0,17,70,2024-03-22 08:28:01.481009,0
145,500,100,10,False,PC,0,17,70,2024-03-22 08:28:01.628739,0
149,500,100,10,False,PC,0,17,69,2024-03-22 08:28:01.780075,0
147,500,100,10,False,PC,0,17,69,2024-03-22 08:28:01.929731,0
172,500,100,10,False,PC,0,17,69,2024-03-22 08:28:02.102888,0
143,500,100,10,False,PC,0,17,70,2024-03-22 08:28:02.249067,0
152,500,100,10,False,PC,0,17,70,2024-03-22 08:28:02.403554,0
153,500,100,20,True,PC,0,17,70,2024-03-22 08:28:02.558716,0
29,500,100,20,True,PC,0,17,69,2024-03-22 08:28:02.589723,0
28,500,100,20,True,PC,0,17,69,2024-03-22 08:28:02.618745,0
28,500,100,20,True,PC,3,17,72,2024-03-22 08:28:02.649852,0
25,500,100,20,True,PC,0,17,69,2024-03-22 08:28:02.676858,0
28,500,100,20,True,PC,3,17,72,2024-03-22 08:28:02.706865,0
28,500,100,20,True,PC,3,17,72,2024-03-22 08:28:02.736877,0
27,500,100,20,True,PC,0,17,69,2024-03-22 08:28:02.765491,0
28,500,100,20,True,PC,0,17,69,2024-03-22 08:28:02.794498,0
26,500,100,20,True,PC,0,17,69,2024-03-22 08:28:02.823099,0
154,500,100,20,False,PC,0,17,69,2024-03-22 08:28:02.980578,0
181,500,100,20,False,PC,0,17,69,2024-03-22 08:28:03.164057,0
155,500,100,20,False,PC,0,17,69,2024-03-22 08:28:03.321218,0
154,500,100,20,False,PC,0,17,70,2024-03-22 08:28:03.478506,0
155,500,100,20,False,PC,0,17,69,2024-03-22 08:28:03.634867,0
162,500,100,20,False,PC,0,17,70,2024-03-22 08:28:03.799948,0
158,500,100,20,False,PC,0,17,70,2024-03-22 08:28:03.960277,0
151,500,100,20,False,PC,0,17,69,2024-03-22 08:28:04.113995,0
200,500,100,20,False,PC,0,17,69,2024-03-22 08:28:04.316156,0
157,500,100,20,False,PC,0,17,70,2024-03-22 08:28:04.474584,0
268,500,50,1,True,PC,0,17,69,2024-03-22 08:28:04.746252,0
20,500,50,1,True,PC,0,17,69,2024-03-22 08:28:04.767759,0
20,500,50,1,True,PC,6,17,74,2024-03-22 08:28:04.790764,0
22,500,50,1,True,PC,0,17,69,2024-03-22 08:28:04.813770,0
20,500,50,1,True,PC,0,17,69,2024-03-22 08:28:04.834775,0
19,500,50,1,True,PC,0,17,69,2024-03-22 08:28:04.857278,0
21,500,50,1,True,PC,0,17,69,2024-03-22 08:28:04.879283,0
21,500,50,1,True,PC,6,17,74,2024-03-22 08:28:04.901289,0
21,500,50,1,True,PC,0,17,69,2024-03-22 08:28:04.923293,0
21,500,50,1,True,PC,0,17,69,2024-03-22 08:28:04.945295,0
272,500,50,1,False,PC,0,17,69,2024-03-22 08:28:05.219880,0
284,500,50,1,False,PC,0,17,69,2024-03-22 08:28:05.506173,0
256,500,50,1,False,PC,0,17,69,2024-03-22 08:28:05.763325,0
280,500,50,1,False,PC,0,17,69,2024-03-22 08:28:06.047065,0
272,500,50,1,False,PC,0,17,69,2024-03-22 08:28:06.321950,0
287,500,50,1,False,PC,0,17,69,2024-03-22 08:28:06.610712,0
269,500,50,1,False,PC,0,17,70,2024-03-22 08:28:06.881945,0
263,500,50,1,False,PC,0,17,69,2024-03-22 08:28:07.148530,0
262,500,50,1,False,PC,0,17,70,2024-03-22 08:28:07.413145,0
289,500,50,1,False,PC,0,17,69,2024-03-22 08:28:07.703704,0
269,500,50,5,True,PC,0,17,69,2024-03-22 08:28:07.976688,0
23,500,50,5,True,PC,0,17,69,2024-03-22 08:28:08.000694,0
23,500,50,5,True,PC,6,17,74,2024-03-22 08:28:08.024699,0
22,500,50,5,True,PC,0,17,69,2024-03-22 08:28:08.048702,0
23,500,50,5,True,PC,0,17,69,2024-03-22 08:28:08.074263,0
22,500,50,5,True,PC,3,17,72,2024-03-22 08:28:08.097268,0
22,500,50,5,True,PC,0,17,69,2024-03-22 08:28:08.121274,0
23,500,50,5,True,PC,0,17,69,2024-03-22 08:28:08.145276,0
23,500,50,5,True,PC,6,17,74,2024-03-22 08:28:08.169783,0
23,500,50,5,True,PC,3,17,72,2024-03-22 08:28:08.194092,0
267,500,50,5,False,PC,0,17,69,2024-03-22 08:28:08.463244,0
278,500,50,5,False,PC,0,17,69,2024-03-22 08:28:08.744315,0
267,500,50,5,False,PC,0,17,69,2024-03-22 08:28:09.013926,0
261,500,50,5,False,PC,0,17,69,2024-03-22 08:28:09.277433,0
267,500,50,5,False,PC,0,17,69,2024-03-22 08:28:09.548776,0
284,500,50,5,False,PC,0,17,69,2024-03-22 08:28:09.835527,0
291,500,50,5,False,PC,0,17,69,2024-03-22 08:28:10.128696,0
332,500,50,5,False,PC,0,17,69,2024-03-22 08:28:10.463263,0
258,500,50,5,False,PC,0,17,70,2024-03-22 08:28:10.723909,0
284,500,50,5,False,PC,0,17,69,2024-03-22 08:28:11.011301,0
394,500,50,10,True,PC,0,17,69,2024-03-22 08:28:11.407580,0
25,500,50,10,True,PC,0,17,69,2024-03-22 08:28:11.433586,0
24,500,50,10,True,PC,0,17,69,2024-03-22 08:28:11.460094,0
25,500,50,10,True,PC,0,17,69,2024-03-22 08:28:11.486098,0
25,500,50,10,True,PC,0,17,69,2024-03-22 08:28:11.512104,0
25,500,50,10,True,PC,0,17,69,2024-03-22 08:28:11.538110,0
24,500,50,10,True,PC,0,17,69,2024-03-22 08:28:11.564615,0
25,500,50,10,True,PC,0,17,69,2024-03-22 08:28:11.590622,0
25,500,50,10,True,PC,0,17,69,2024-03-22 08:28:11.616628,0
25,500,50,10,True,PC,0,17,69,2024-03-22 08:28:11.644300,0
272,500,50,10,False,PC,0,17,69,2024-03-22 08:28:11.918967,0
281,500,50,10,False,PC,0,17,69,2024-03-22 08:28:12.202286,0
271,500,50,10,False,PC,0,17,69,2024-03-22 08:28:12.475320,0
269,500,50,10,False,PC,0,17,69,2024-03-22 08:28:12.746618,0
271,500,50,10,False,PC,0,17,69,2024-03-22 08:28:13.020364,0
269,500,50,10,False,PC,0,17,69,2024-03-22 08:28:13.291707,0
255,500,50,10,False,PC,0,17,69,2024-03-22 08:28:13.550282,0
273,500,50,10,False,PC,0,17,69,2024-03-22 08:28:13.825940,0
276,500,50,10,False,PC,0,17,69,2024-03-22 08:28:14.104513,0
279,500,50,10,False,PC,0,17,69,2024-03-22 08:28:14.386205,0
282,500,50,20,True,PC,0,17,69,2024-03-22 08:28:14.671450,0
30,500,50,20,True,PC,2,17,72,2024-03-22 08:28:14.703512,0
28,500,50,20,True,PC,3,17,72,2024-03-22 08:28:14.732519,0
27,500,50,20,True,PC,0,17,69,2024-03-22 08:28:14.760522,0
27,500,50,20,True,PC,6,17,74,2024-03-22 08:28:14.790289,0
26,500,50,20,True,PC,0,17,69,2024-03-22 08:28:14.817761,0
28,500,50,20,True,PC,0,17,69,2024-03-22 08:28:14.846769,0
26,500,50,20,True,PC,0,17,69,2024-03-22 08:28:14.874274,0
28,500,50,20,True,PC,3,17,72,2024-03-22 08:28:14.904548,0
28,500,50,20,True,PC,0,17,69,2024-03-22 08:28:14.934081,0
268,500,50,20,False,PC,0,17,69,2024-03-22 08:28:15.205899,0
280,500,50,20,False,PC,0,17,69,2024-03-22 08:28:15.488480,0
268,500,50,20,False,PC,0,17,69,2024-03-22 08:28:15.759015,0
268,500,50,20,False,PC,0,17,69,2024-03-22 08:28:16.030993,0
259,500,50,20,False,PC,0,17,69,2024-03-22 08:28:16.292610,0
292,500,50,20,False,PC,0,17,69,2024-03-22 08:28:16.588221,0
283,500,50,20,False,PC,0,17,69,2024-03-22 08:28:16.873877,0
287,500,50,20,False,PC,0,17,69,2024-03-22 08:28:17.163294,0
273,500,50,20,False,PC,0,17,69,2024-03-22 08:28:17.438761,0
300,500,50,20,False,PC,0,17,70,2024-03-22 08:28:17.739900,0
113,1000,10000,1,True,PC,0,17,70,2024-03-22 08:28:17.854908,0
20,1000,10000,1,True,PC,0,17,69,2024-03-22 08:28:17.878489,0
21,1000,10000,1,True,PC,0,17,69,2024-03-22 08:28:17.900537,0
22,1000,10000,1,True,PC,3,17,72,2024-03-22 08:28:17.924064,0
21,1000,10000,1,True,PC,6,17,74,2024-03-22 08:28:17.947684,0
21,1000,10000,1,True,PC,0,17,69,2024-03-22 08:28:17.971568,0
22,1000,10000,1,True,PC,6,17,74,2024-03-22 08:28:17.994585,0
23,1000,10000,1,True,PC,3,17,72,2024-03-22 08:28:18.018590,0
23,1000,10000,1,True,PC,0,17,69,2024-03-22 08:28:18.042596,0
22,1000,10000,1,True,PC,0,17,69,2024-03-22 08:28:18.066102,0
75,1000,10000,1,False,PC,1,17,70,2024-03-22 08:28:18.143312,0
51,1000,10000,1,False,PC,0,17,69,2024-03-22 08:28:18.196512,0
52,1000,10000,1,False,PC,3,17,72,2024-03-22 08:28:18.250927,0
53,1000,10000,1,False,PC,0,17,69,2024-03-22 08:28:18.305194,0
52,1000,10000,1,False,PC,2,17,71,2024-03-22 08:28:18.358425,0
51,1000,10000,1,False,PC,3,17,72,2024-03-22 08:28:18.410967,0
52,1000,10000,1,False,PC,2,17,71,2024-03-22 08:28:18.465960,0
53,1000,10000,1,False,PC,3,17,72,2024-03-22 08:28:18.520024,0
51,1000,10000,1,False,PC,2,17,71,2024-03-22 08:28:18.573569,0
51,1000,10000,1,False,PC,2,17,71,2024-03-22 08:28:18.625996,0
54,1000,10000,5,True,PC,0,17,69,2024-03-22 08:28:18.682767,0
25,1000,10000,5,True,PC,0,17,69,2024-03-22 08:28:18.709060,0
26,1000,10000,5,True,PC,3,17,72,2024-03-22 08:28:18.736557,0
24,1000,10000,5,True,PC,0,17,69,2024-03-22 08:28:18.762182,0
25,1000,10000,5,True,PC,0,17,69,2024-03-22 08:28:18.788830,0
24,1000,10000,5,True,PC,0,17,69,2024-03-22 08:28:18.814710,0
23,1000,10000,5,True,PC,0,17,69,2024-03-22 08:28:18.840920,0
25,1000,10000,5,True,PC,0,17,69,2024-03-22 08:28:18.867507,0
25,1000,10000,5,True,PC,3,17,72,2024-03-22 08:28:18.895044,0
24,1000,10000,5,True,PC,0,17,69,2024-03-22 08:28:18.921632,0
79,1000,10000,5,False,PC,1,17,70,2024-03-22 08:28:19.001762,0
54,1000,10000,5,False,PC,2,17,71,2024-03-22 08:28:19.058743,0
57,1000,10000,5,False,PC,1,17,70,2024-03-22 08:28:19.116806,0
56,1000,10000,5,False,PC,0,17,69,2024-03-22 08:28:19.175657,0
55,1000,10000,5,False,PC,2,17,71,2024-03-22 08:28:19.233216,0
55,1000,10000,5,False,PC,1,17,70,2024-03-22 08:28:19.290693,0
56,1000,10000,5,False,PC,0,17,69,2024-03-22 08:28:19.349386,0
54,1000,10000,5,False,PC,0,17,69,2024-03-22 08:28:19.405823,0
56,1000,10000,5,False,PC,1,17,70,2024-03-22 08:28:19.463981,0
55,1000,10000,5,False,PC,3,17,72,2024-03-22 08:28:19.522963,0
65,1000,10000,10,True,PC,1,17,70,2024-03-22 08:28:19.589375,0
27,1000,10000,10,True,PC,0,17,69,2024-03-22 08:28:19.620243,0
28,1000,10000,10,True,PC,3,17,72,2024-03-22 08:28:19.649720,0
27,1000,10000,10,True,PC,0,17,69,2024-03-22 08:28:19.678535,0
26,1000,10000,10,True,PC,0,17,69,2024-03-22 08:28:19.705729,0
26,1000,10000,10,True,PC,11,17,79,2024-03-22 08:28:19.734285,0
26,1000,10000,10,True,PC,0,17,69,2024-03-22 08:28:19.763085,0
26,1000,10000,10,True,PC,3,17,72,2024-03-22 08:28:19.791521,0
27,1000,10000,10,True,PC,0,17,69,2024-03-22 08:28:19.820203,0
26,1000,10000,10,True,PC,0,17,69,2024-03-22 08:28:19.848434,0
83,1000,10000,10,False,PC,2,17,71,2024-03-22 08:28:19.933436,0
58,1000,10000,10,False,PC,0,17,69,2024-03-22 08:28:19.994054,0
58,1000,10000,10,False,PC,0,17,69,2024-03-22 08:28:20.054638,0
60,1000,10000,10,False,PC,1,17,70,2024-03-22 08:28:20.115676,0
57,1000,10000,10,False,PC,0,17,69,2024-03-22 08:28:20.174769,0
70,1000,10000,10,False,PC,1,17,70,2024-03-22 08:28:20.248555,0
65,1000,10000,10,False,PC,1,17,70,2024-03-22 08:28:20.315997,0
59,1000,10000,10,False,PC,0,17,69,2024-03-22 08:28:20.376024,0
57,1000,10000,10,False,PC,0,17,69,2024-03-22 08:28:20.435001,0
58,1000,10000,10,False,PC,0,17,69,2024-03-22 08:28:20.495336,0
61,1000,10000,20,True,PC,0,17,69,2024-03-22 08:28:20.559153,0
29,1000,10000,20,True,PC,0,17,69,2024-03-22 08:28:20.590858,0
29,1000,10000,20,True,PC,6,17,74,2024-03-22 08:28:20.621630,0
28,1000,10000,20,True,PC,3,17,72,2024-03-22 08:28:20.652478,0
27,1000,10000,20,True,PC,3,17,72,2024-03-22 08:28:20.681188,0
29,1000,10000,20,True,PC,6,17,74,2024-03-22 08:28:20.713036,0
31,1000,10000,20,True,PC,0,17,69,2024-03-22 08:28:20.746866,0
29,1000,10000,20,True,PC,0,17,69,2024-03-22 08:28:20.778537,0
31,1000,10000,20,True,PC,0,17,69,2024-03-22 08:28:20.811067,0
31,1000,10000,20,True,PC,2,17,71,2024-03-22 08:28:20.845740,0
88,1000,10000,20,False,PC,1,17,70,2024-03-22 08:28:20.936467,0
64,1000,10000,20,False,PC,1,17,70,2024-03-22 08:28:21.002616,0
59,1000,10000,20,False,PC,1,17,70,2024-03-22 08:28:21.064133,0
60,1000,10000,20,False,PC,0,17,69,2024-03-22 08:28:21.126956,0
62,1000,10000,20,False,PC,1,17,70,2024-03-22 08:28:21.191017,0
64,1000,10000,20,False,PC,0,17,69,2024-03-22 08:28:21.257051,0
61,1000,10000,20,False,PC,0,17,69,2024-03-22 08:28:21.321944,0
64,1000,10000,20,False,PC,0,17,69,2024-03-22 08:28:21.389172,0
64,1000,10000,20,False,PC,0,17,69,2024-03-22 08:28:21.456061,0
63,1000,10000,20,False,PC,0,17,69,2024-03-22 08:28:21.520591,0
53,1000,1000,1,True,PC,0,17,69,2024-03-22 08:28:21.576859,0
22,1000,1000,1,True,PC,6,17,74,2024-03-22 08:28:21.601182,0
22,1000,1000,1,True,PC,6,17,74,2024-03-22 08:28:21.624187,0
22,1000,1000,1,True,PC,0,17,69,2024-03-22 08:28:21.647239,0
22,1000,1000,1,True,PC,6,17,74,2024-03-22 08:28:21.671651,0
20,1000,1000,1,True,PC,3,17,72,2024-03-22 08:28:21.694596,0
21,1000,1000,1,True,PC,0,17,69,2024-03-22 08:28:21.717235,0
22,1000,1000,1,True,PC,0,17,69,2024-03-22 08:28:21.742065,0
21,1000,1000,1,True,PC,6,17,74,2024-03-22 08:28:21.765068,0
21,1000,1000,1,True,PC,0,17,69,2024-03-22 08:28:21.788157,0
76,1000,1000,1,False,PC,1,17,70,2024-03-22 08:28:21.868228,0
67,1000,1000,1,False,PC,1,17,70,2024-03-22 08:28:21.937359,0
54,1000,1000,1,False,PC,1,17,70,2024-03-22 08:28:21.993923,0
54,1000,1000,1,False,PC,3,17,72,2024-03-22 08:28:22.050039,0
54,1000,1000,1,False,PC,4,17,73,2024-03-22 08:28:22.107055,0
53,1000,1000,1,False,PC,4,17,73,2024-03-22 08:28:22.162840,0
53,1000,1000,1,False,PC,2,17,71,2024-03-22 08:28:22.217536,0
54,1000,1000,1,False,PC,3,17,72,2024-03-22 08:28:22.275102,0
52,1000,1000,1,False,PC,1,17,71,2024-03-22 08:28:22.329125,0
54,1000,1000,1,False,PC,3,17,72,2024-03-22 08:28:22.386714,0
58,1000,1000,5,True,PC,1,17,70,2024-03-22 08:28:22.447113,0
27,1000,1000,5,True,PC,3,17,72,2024-03-22 08:28:22.476189,0
24,1000,1000,5,True,PC,3,17,72,2024-03-22 08:28:22.503844,0
25,1000,1000,5,True,PC,0,17,69,2024-03-22 08:28:22.530038,0
24,1000,1000,5,True,PC,0,17,69,2024-03-22 08:28:22.556337,0
26,1000,1000,5,True,PC,0,17,69,2024-03-22 08:28:22.583885,0
24,1000,1000,5,True,PC,3,17,72,2024-03-22 08:28:22.610759,0
25,1000,1000,5,True,PC,0,17,69,2024-03-22 08:28:22.637897,0
25,1000,1000,5,True,PC,0,17,69,2024-03-22 08:28:22.664968,0
25,1000,1000,5,True,PC,3,17,72,2024-03-22 08:28:22.694138,0
85,1000,1000,5,False,PC,18,17,85,2024-03-22 08:28:22.782557,0
70,1000,1000,5,False,PC,4,17,73,2024-03-22 08:28:22.854907,0
55,1000,1000,5,False,PC,0,17,69,2024-03-22 08:28:22.912692,0
56,1000,1000,5,False,PC,0,17,69,2024-03-22 08:28:22.972073,0
58,1000,1000,5,False,PC,1,17,71,2024-03-22 08:28:23.032359,0
57,1000,1000,5,False,PC,1,17,70,2024-03-22 08:28:23.093448,0
57,1000,1000,5,False,PC,1,17,71,2024-03-22 08:28:23.153364,0
55,1000,1000,5,False,PC,0,17,69,2024-03-22 08:28:23.210507,0
56,1000,1000,5,False,PC,1,17,70,2024-03-22 08:28:23.269408,0
57,1000,1000,5,False,PC,0,17,69,2024-03-22 08:28:23.328868,0
60,1000,1000,10,True,PC,0,17,69,2024-03-22 08:28:23.391009,0
27,1000,1000,10,True,PC,0,17,69,2024-03-22 08:28:23.421542,0
28,1000,1000,10,True,PC,0,17,69,2024-03-22 08:28:23.451363,0
27,1000,1000,10,True,PC,0,17,69,2024-03-22 08:28:23.482142,0
27,1000,1000,10,True,PC,3,17,72,2024-03-22 08:28:23.511851,0
28,1000,1000,10,True,PC,3,17,72,2024-03-22 08:28:23.542258,0
27,1000,1000,10,True,PC,0,17,69,2024-03-22 08:28:23.570397,0
28,1000,1000,10,True,PC,3,17,72,2024-03-22 08:28:23.600906,0
26,1000,1000,10,True,PC,0,17,69,2024-03-22 08:28:23.628376,0
26,1000,1000,10,True,PC,5,17,74,2024-03-22 08:28:23.656218,0
81,1000,1000,10,False,PC,1,17,70,2024-03-22 08:28:23.738401,0
58,1000,1000,10,False,PC,1,17,70,2024-03-22 08:28:23.799460,0
58,1000,1000,10,False,PC,0,17,69,2024-03-22 08:28:23.859480,0
58,1000,1000,10,False,PC,0,17,69,2024-03-22 08:28:23.920051,0
60,1000,1000,10,False,PC,0,17,69,2024-03-22 08:28:23.982818,0
61,1000,1000,10,False,PC,3,17,72,2024-03-22 08:28:24.047235,0
61,1000,1000,10,False,PC,2,17,71,2024-03-22 08:28:24.110700,0
59,1000,1000,10,False,PC,4,17,73,2024-03-22 08:28:24.172262,0
66,1000,1000,10,False,PC,1,17,70,2024-03-22 08:28:24.240464,0
60,1000,1000,10,False,PC,0,17,69,2024-03-22 08:28:24.303675,0
61,1000,1000,20,True,PC,1,17,70,2024-03-22 08:28:24.368418,0
30,1000,1000,20,True,PC,3,17,72,2024-03-22 08:28:24.400295,0
29,1000,1000,20,True,PC,0,17,69,2024-03-22 08:28:24.430796,0
30,1000,1000,20,True,PC,3,17,72,2024-03-22 08:28:24.462278,0
29,1000,1000,20,True,PC,0,17,69,2024-03-22 08:28:24.493153,0
30,1000,1000,20,True,PC,3,17,72,2024-03-22 08:28:24.525945,0
31,1000,1000,20,True,PC,3,17,72,2024-03-22 08:28:24.559174,0
30,1000,1000,20,True,PC,3,17,72,2024-03-22 08:28:24.590880,0
29,1000,1000,20,True,PC,0,17,69,2024-03-22 08:28:24.622069,0
31,1000,1000,20,True,PC,0,17,69,2024-03-22 08:28:24.654670,0
88,1000,1000,20,False,PC,0,17,69,2024-03-22 08:28:24.744921,0
61,1000,1000,20,False,PC,0,17,69,2024-03-22 08:28:24.808626,0
63,1000,1000,20,False,PC,3,17,72,2024-03-22 08:28:24.873825,0
62,1000,1000,20,False,PC,1,17,70,2024-03-22 08:28:24.939400,0
64,1000,1000,20,False,PC,4,17,73,2024-03-22 08:28:25.006264,0
64,1000,1000,20,False,PC,3,17,72,2024-03-22 08:28:25.072901,0
60,1000,1000,20,False,PC,0,17,69,2024-03-22 08:28:25.135353,0
60,1000,1000,20,False,PC,1,17,70,2024-03-22 08:28:25.198120,0
62,1000,1000,20,False,PC,0,17,69,2024-03-22 08:28:25.262616,0
72,1000,1000,20,False,PC,2,17,71,2024-03-22 08:28:25.338359,0
77,1000,500,1,True,PC,1,17,70,2024-03-22 08:28:25.417519,0
22,1000,500,1,True,PC,6,17,74,2024-03-22 08:28:25.441527,0
22,1000,500,1,True,PC,6,17,74,2024-03-22 08:28:25.464529,0
21,1000,500,1,True,PC,3,17,72,2024-03-22 08:28:25.488305,0
22,1000,500,1,True,PC,6,17,74,2024-03-22 08:28:25.511378,0
23,1000,500,1,True,PC,3,17,72,2024-03-22 08:28:25.535434,0
23,1000,500,1,True,PC,0,17,69,2024-03-22 08:28:25.559436,0
22,1000,500,1,True,PC,0,17,69,2024-03-22 08:28:25.583482,0
23,1000,500,1,True,PC,0,17,69,2024-03-22 08:28:25.608488,0
21,1000,500,1,True,PC,3,17,72,2024-03-22 08:28:25.630492,0
80,1000,500,1,False,PC,2,17,71,2024-03-22 08:28:25.713722,0
75,1000,500,1,False,PC,1,17,70,2024-03-22 08:28:25.792000,0
82,1000,500,1,False,PC,2,17,71,2024-03-22 08:28:25.877291,0
77,1000,500,1,False,PC,2,17,71,2024-03-22 08:28:25.956785,0
78,1000,500,1,False,PC,2,17,71,2024-03-22 08:28:26.037299,0
84,1000,500,1,False,PC,1,17,70,2024-03-22 08:28:26.123874,0
75,1000,500,1,False,PC,1,17,70,2024-03-22 08:28:26.202117,0
76,1000,500,1,False,PC,1,17,70,2024-03-22 08:28:26.281004,0
83,1000,500,1,False,PC,2,17,71,2024-03-22 08:28:26.366344,0
77,1000,500,1,False,PC,0,17,69,2024-03-22 08:28:26.445813,0
79,1000,500,5,True,PC,1,17,70,2024-03-22 08:28:26.527647,0
25,1000,500,5,True,PC,0,17,69,2024-03-22 08:28:26.554941,0
26,1000,500,5,True,PC,3,17,72,2024-03-22 08:28:26.583627,0
26,1000,500,5,True,PC,0,17,69,2024-03-22 08:28:26.611020,0
25,1000,500,5,True,PC,0,17,69,2024-03-22 08:28:26.637167,0
25,1000,500,5,True,PC,3,17,72,2024-03-22 08:28:26.665245,0
25,1000,500,5,True,PC,0,17,69,2024-03-22 08:28:26.692013,0
26,1000,500,5,True,PC,0,17,69,2024-03-22 08:28:26.719167,0
25,1000,500,5,True,PC,3,17,72,2024-03-22 08:28:26.747206,0
27,1000,500,5,True,PC,0,17,69,2024-03-22 08:28:26.775426,0
79,1000,500,5,False,PC,0,17,69,2024-03-22 08:28:26.856844,0
82,1000,500,5,False,PC,0,17,69,2024-03-22 08:28:26.941724,0
80,1000,500,5,False,PC,1,17,70,2024-03-22 08:28:27.024684,0
81,1000,500,5,False,PC,0,17,69,2024-03-22 08:28:27.108126,0
80,1000,500,5,False,PC,0,17,69,2024-03-22 08:28:27.191010,0
86,1000,500,5,False,PC,0,17,69,2024-03-22 08:28:27.280814,0
79,1000,500,5,False,PC,0,17,69,2024-03-22 08:28:27.362240,0
79,1000,500,5,False,PC,0,17,69,2024-03-22 08:28:27.443444,0
80,1000,500,5,False,PC,0,17,69,2024-03-22 08:28:27.525557,0
77,1000,500,5,False,PC,0,17,69,2024-03-22 08:28:27.605972,0
82,1000,500,10,True,PC,0,17,69,2024-03-22 08:28:27.690142,0
26,1000,500,10,True,PC,5,17,74,2024-03-22 08:28:27.719676,0
26,1000,500,10,True,PC,0,17,69,2024-03-22 08:28:27.748616,0
26,1000,500,10,True,PC,0,17,69,2024-03-22 08:28:27.777107,0
26,1000,500,10,True,PC,0,17,69,2024-03-22 08:28:27.804897,0
27,1000,500,10,True,PC,3,17,72,2024-03-22 08:28:27.833620,0
25,1000,500,10,True,PC,9,17,77,2024-03-22 08:28:27.859444,0
25,1000,500,10,True,PC,0,17,69,2024-03-22 08:28:27.887496,0
27,1000,500,10,True,PC,3,17,72,2024-03-22 08:28:27.916762,0
27,1000,500,10,True,PC,0,17,69,2024-03-22 08:28:27.944945,0
85,1000,500,10,False,PC,2,17,71,2024-03-22 08:28:28.032177,0
101,1000,500,10,False,PC,1,17,70,2024-03-22 08:28:28.135548,0
84,1000,500,10,False,PC,0,17,69,2024-03-22 08:28:28.221944,0
80,1000,500,10,False,PC,0,17,69,2024-03-22 08:28:28.304327,0
97,1000,500,10,False,PC,1,17,70,2024-03-22 08:28:28.404745,0
95,1000,500,10,False,PC,0,17,69,2024-03-22 08:28:28.502699,0
81,1000,500,10,False,PC,1,17,70,2024-03-22 08:28:28.585821,0
152,1000,500,10,False,PC,2,17,71,2024-03-22 08:28:28.740279,0
80,1000,500,10,False,PC,2,17,71,2024-03-22 08:28:28.824154,0
81,1000,500,10,False,PC,1,17,70,2024-03-22 08:28:28.908563,0
86,1000,500,20,True,PC,0,17,69,2024-03-22 08:28:28.996877,0
30,1000,500,20,True,PC,0,17,69,2024-03-22 08:28:29.029824,0
31,1000,500,20,True,PC,2,17,71,2024-03-22 08:28:29.063448,0
30,1000,500,20,True,PC,0,17,69,2024-03-22 08:28:29.096301,0
29,1000,500,20,True,PC,3,17,72,2024-03-22 08:28:29.126917,0
27,1000,500,20,True,PC,5,17,74,2024-03-22 08:28:29.157092,0
30,1000,500,20,True,PC,0,17,69,2024-03-22 08:28:29.188258,0
31,1000,500,20,True,PC,3,17,72,2024-03-22 08:28:29.222505,0
30,1000,500,20,True,PC,3,17,72,2024-03-22 08:28:29.255430,0
32,1000,500,20,True,PC,3,17,72,2024-03-22 08:28:29.288828,0
88,1000,500,20,False,PC,0,17,69,2024-03-22 08:28:29.380726,0
86,1000,500,20,False,PC,1,17,70,2024-03-22 08:28:29.469526,0
87,1000,500,20,False,PC,0,17,69,2024-03-22 08:28:29.557825,0
94,1000,500,20,False,PC,2,17,71,2024-03-22 08:28:29.655107,0
90,1000,500,20,False,PC,1,17,70,2024-03-22 08:28:29.747127,0
96,1000,500,20,False,PC,0,17,70,2024-03-22 08:28:29.845464,0
83,1000,500,20,False,PC,1,17,70,2024-03-22 08:28:29.931407,0
99,1000,500,20,False,PC,6,17,74,2024-03-22 08:28:30.032852,0
87,1000,500,20,False,PC,0,17,69,2024-03-22 08:28:30.122330,0
83,1000,500,20,False,PC,1,17,70,2024-03-22 08:28:30.208250,0
271,1000,100,1,True,PC,0,17,69,2024-03-22 08:28:30.482184,0
21,1000,100,1,True,PC,0,17,69,2024-03-22 08:28:30.505294,0
20,1000,100,1,True,PC,0,17,69,2024-03-22 08:28:30.526871,0
21,1000,100,1,True,PC,3,17,72,2024-03-22 08:28:30.549278,0
21,1000,100,1,True,PC,6,17,74,2024-03-22 08:28:30.571319,0
23,1000,100,1,True,PC,3,17,72,2024-03-22 08:28:30.595492,0
21,1000,100,1,True,PC,0,17,69,2024-03-22 08:28:30.618273,0
22,1000,100,1,True,PC,0,17,69,2024-03-22 08:28:30.641606,0
23,1000,100,1,True,PC,6,17,74,2024-03-22 08:28:30.665618,0
22,1000,100,1,True,PC,0,17,69,2024-03-22 08:28:30.689138,0
287,1000,100,1,False,PC,0,17,69,2024-03-22 08:28:30.979286,0
269,1000,100,1,False,PC,0,17,70,2024-03-22 08:28:31.252013,0
272,1000,100,1,False,PC,0,17,70,2024-03-22 08:28:31.526708,0
284,1000,100,1,False,PC,0,17,69,2024-03-22 08:28:31.812152,0
278,1000,100,1,False,PC,1,17,70,2024-03-22 08:28:32.094039,0
276,1000,100,1,False,PC,0,17,69,2024-03-22 08:28:32.372111,0
272,1000,100,1,False,PC,2,17,71,2024-03-22 08:28:32.646692,0
270,1000,100,1,False,PC,1,17,70,2024-03-22 08:28:32.920012,0
276,1000,100,1,False,PC,1,17,70,2024-03-22 08:28:33.199086,0
268,1000,100,1,False,PC,0,17,69,2024-03-22 08:28:33.470021,0
271,1000,100,5,True,PC,0,17,69,2024-03-22 08:28:33.743184,0
24,1000,100,5,True,PC,6,17,74,2024-03-22 08:28:33.770495,0
25,1000,100,5,True,PC,5,17,74,2024-03-22 08:28:33.797291,0
24,1000,100,5,True,PC,0,17,69,2024-03-22 08:28:33.822950,0
25,1000,100,5,True,PC,0,17,69,2024-03-22 08:28:33.849533,0
25,1000,100,5,True,PC,3,17,72,2024-03-22 08:28:33.876072,0
24,1000,100,5,True,PC,0,17,69,2024-03-22 08:28:33.900182,0
25,1000,100,5,True,PC,0,17,69,2024-03-22 08:28:33.926867,0
24,1000,100,5,True,PC,6,17,74,2024-03-22 08:28:33.954969,0
26,1000,100,5,True,PC,0,17,69,2024-03-22 08:28:33.983072,0
304,1000,100,5,False,PC,0,17,70,2024-03-22 08:28:34.289614,0
296,1000,100,5,False,PC,0,17,69,2024-03-22 08:28:34.590185,0
292,1000,100,5,False,PC,1,17,70,2024-03-22 08:28:34.884990,0
294,1000,100,5,False,PC,1,17,70,2024-03-22 08:28:35.182018,0
283,1000,100,5,False,PC,1,17,70,2024-03-22 08:28:35.468256,0
288,1000,100,5,False,PC,1,17,70,2024-03-22 08:28:35.758815,0
283,1000,100,5,False,PC,0,17,69,2024-03-22 08:28:36.044775,0
275,1000,100,5,False,PC,0,17,69,2024-03-22 08:28:36.323664,0
299,1000,100,5,False,PC,0,17,69,2024-03-22 08:28:36.625018,0
274,1000,100,5,False,PC,0,17,69,2024-03-22 08:28:36.901895,0
299,1000,100,10,True,PC,0,17,69,2024-03-22 08:28:37.203329,0
26,1000,100,10,True,PC,0,17,69,2024-03-22 08:28:37.230801,0
27,1000,100,10,True,PC,3,17,72,2024-03-22 08:28:37.260646,0
29,1000,100,10,True,PC,3,17,72,2024-03-22 08:28:37.290729,0
25,1000,100,10,True,PC,6,17,74,2024-03-22 08:28:37.317708,0
27,1000,100,10,True,PC,3,17,72,2024-03-22 08:28:37.347059,0
26,1000,100,10,True,PC,0,17,69,2024-03-22 08:28:37.374826,0
26,1000,100,10,True,PC,0,17,69,2024-03-22 08:28:37.403306,0
26,1000,100,10,True,PC,3,17,72,2024-03-22 08:28:37.431292,0
27,1000,100,10,True,PC,0,17,69,2024-03-22 08:28:37.460821,0
274,1000,100,10,False,PC,0,17,69,2024-03-22 08:28:37.737719,0
290,1000,100,10,False,PC,0,17,69,2024-03-22 08:28:38.030404,0
280,1000,100,10,False,PC,0,17,69,2024-03-22 08:28:38.313233,0
290,1000,100,10,False,PC,0,17,70,2024-03-22 08:28:38.606103,0
287,1000,100,10,False,PC,0,17,69,2024-03-22 08:28:38.896304,0
299,1000,100,10,False,PC,0,17,69,2024-03-22 08:28:39.198156,0
288,1000,100,10,False,PC,0,17,69,2024-03-22 08:28:39.488204,0
283,1000,100,10,False,PC,0,17,69,2024-03-22 08:28:39.773310,0
276,1000,100,10,False,PC,0,17,69,2024-03-22 08:28:40.051326,0
275,1000,100,10,False,PC,0,17,69,2024-03-22 08:28:40.329249,0
306,1000,100,20,True,PC,0,17,69,2024-03-22 08:28:40.637432,0
32,1000,100,20,True,PC,2,17,72,2024-03-22 08:28:40.672327,0
30,1000,100,20,True,PC,0,17,69,2024-03-22 08:28:40.703851,0
29,1000,100,20,True,PC,0,17,69,2024-03-22 08:28:40.734242,0
29,1000,100,20,True,PC,3,17,72,2024-03-22 08:28:40.765899,0
29,1000,100,20,True,PC,3,17,72,2024-03-22 08:28:40.797749,0
28,1000,100,20,True,PC,0,17,69,2024-03-22 08:28:40.826919,0
29,1000,100,20,True,PC,0,17,69,2024-03-22 08:28:40.858256,0
32,1000,100,20,True,PC,4,17,73,2024-03-22 08:28:40.892622,0
29,1000,100,20,True,PC,0,17,69,2024-03-22 08:28:40.922740,0
292,1000,100,20,False,PC,0,17,69,2024-03-22 08:28:41.216818,0
286,1000,100,20,False,PC,0,17,70,2024-03-22 08:28:41.506797,0
280,1000,100,20,False,PC,0,17,69,2024-03-22 08:28:41.790305,0
293,1000,100,20,False,PC,0,17,69,2024-03-22 08:28:42.087081,0
292,1000,100,20,False,PC,0,17,69,2024-03-22 08:28:42.381100,0
288,1000,100,20,False,PC,2,17,71,2024-03-22 08:28:42.671356,0
291,1000,100,20,False,PC,0,17,70,2024-03-22 08:28:42.966077,0
291,1000,100,20,False,PC,0,17,70,2024-03-22 08:28:43.258834,0
276,1000,100,20,False,PC,0,17,69,2024-03-22 08:28:43.537255,0
304,1000,100,20,False,PC,0,17,70,2024-03-22 08:28:43.845226,0
523,1000,50,1,True,PC,1,17,70,2024-03-22 08:28:44.371002,0
22,1000,50,1,True,PC,3,17,72,2024-03-22 08:28:44.395504,0
23,1000,50,1,True,PC,0,17,69,2024-03-22 08:28:44.419796,0
22,1000,50,1,True,PC,3,17,72,2024-03-22 08:28:44.443173,0
22,1000,50,1,True,PC,6,17,74,2024-03-22 08:28:44.466514,0
21,1000,50,1,True,PC,3,17,72,2024-03-22 08:28:44.490023,0
22,1000,50,1,True,PC,6,17,74,2024-03-22 08:28:44.514863,0
22,1000,50,1,True,PC,0,17,69,2024-03-22 08:28:44.539009,0
23,1000,50,1,True,PC,6,17,74,2024-03-22 08:28:44.563730,0
22,1000,50,1,True,PC,0,17,69,2024-03-22 08:28:44.588091,0
507,1000,50,1,False,PC,3,17,72,2024-03-22 08:28:45.097608,0
526,1000,50,1,False,PC,3,17,72,2024-03-22 08:28:45.626136,0
554,1000,50,1,False,PC,3,17,72,2024-03-22 08:28:46.182938,0
546,1000,50,1,False,PC,3,17,72,2024-03-22 08:28:46.732049,0
510,1000,50,1,False,PC,0,17,69,2024-03-22 08:28:47.245549,0
506,1000,50,1,False,PC,0,17,69,2024-03-22 08:28:47.753839,0
536,1000,50,1,False,PC,0,17,69,2024-03-22 08:28:48.292767,0
506,1000,50,1,False,PC,0,17,69,2024-03-22 08:28:48.801320,0
520,1000,50,1,False,PC,0,17,69,2024-03-22 08:28:49.325104,0
515,1000,50,1,False,PC,4,17,73,2024-03-22 08:28:49.843972,0
538,1000,50,5,True,PC,4,17,73,2024-03-22 08:28:50.384941,0
23,1000,50,5,True,PC,0,17,69,2024-03-22 08:28:50.411844,0
25,1000,50,5,True,PC,0,17,69,2024-03-22 08:28:50.438451,0
26,1000,50,5,True,PC,0,17,69,2024-03-22 08:28:50.465664,0
26,1000,50,5,True,PC,0,17,69,2024-03-22 08:28:50.493373,0
25,1000,50,5,True,PC,6,17,74,2024-03-22 08:28:50.520344,0
25,1000,50,5,True,PC,0,17,69,2024-03-22 08:28:50.547688,0
26,1000,50,5,True,PC,0,17,69,2024-03-22 08:28:50.574922,0
25,1000,50,5,True,PC,0,17,69,2024-03-22 08:28:50.602107,0
25,1000,50,5,True,PC,0,17,69,2024-03-22 08:28:50.628722,0
557,1000,50,5,False,PC,0,17,69,2024-03-22 08:28:51.188265,0
544,1000,50,5,False,PC,0,17,69,2024-03-22 08:28:51.735219,0
519,1000,50,5,False,PC,0,17,69,2024-03-22 08:28:52.256333,0
539,1000,50,5,False,PC,0,17,69,2024-03-22 08:28:52.799373,0
549,1000,50,5,False,PC,0,17,69,2024-03-22 08:28:53.350624,0
524,1000,50,5,False,PC,0,17,69,2024-03-22 08:28:53.877086,0
500,1000,50,5,False,PC,0,17,69,2024-03-22 08:28:54.379432,0
519,1000,50,5,False,PC,0,17,69,2024-03-22 08:28:54.901526,0
521,1000,50,5,False,PC,0,17,69,2024-03-22 08:28:55.425289,0
504,1000,50,5,False,PC,0,17,69,2024-03-22 08:28:55.932131,0
511,1000,50,10,True,PC,0,17,69,2024-03-22 08:28:56.446667,0
27,1000,50,10,True,PC,0,17,69,2024-03-22 08:28:56.475976,0
27,1000,50,10,True,PC,3,17,72,2024-03-22 08:28:56.504511,0
26,1000,50,10,True,PC,0,17,69,2024-03-22 08:28:56.533955,0
27,1000,50,10,True,PC,0,17,69,2024-03-22 08:28:56.563903,0
27,1000,50,10,True,PC,0,17,69,2024-03-22 08:28:56.593550,0
27,1000,50,10,True,PC,0,17,69,2024-03-22 08:28:56.622820,0
28,1000,50,10,True,PC,0,17,69,2024-03-22 08:28:56.653089,0
27,1000,50,10,True,PC,0,17,69,2024-03-22 08:28:56.682854,0
28,1000,50,10,True,PC,0,17,69,2024-03-22 08:28:56.713054,0
523,1000,50,10,False,PC,0,17,69,2024-03-22 08:28:57.239018,0
549,1000,50,10,False,PC,0,17,69,2024-03-22 08:28:57.790545,0
534,1000,50,10,False,PC,0,17,69,2024-03-22 08:28:58.328299,0
513,1000,50,10,False,PC,0,17,69,2024-03-22 08:28:58.845464,0
531,1000,50,10,False,PC,0,17,69,2024-03-22 08:28:59.379392,0
548,1000,50,10,False,PC,0,17,69,2024-03-22 08:28:59.930040,0
509,1000,50,10,False,PC,0,17,69,2024-03-22 08:29:00.441336,0
542,1000,50,10,False,PC,0,17,69,2024-03-22 08:29:00.986677,0
529,1000,50,10,False,PC,0,17,69,2024-03-22 08:29:01.518620,0
519,1000,50,10,False,PC,0,17,69,2024-03-22 08:29:02.040474,0
543,1000,50,20,True,PC,0,17,69,2024-03-22 08:29:02.587158,0
28,1000,50,20,True,PC,0,17,69,2024-03-22 08:29:02.617701,0
28,1000,50,20,True,PC,3,17,72,2024-03-22 08:29:02.646935,0
28,1000,50,20,True,PC,3,17,72,2024-03-22 08:29:02.677865,0
28,1000,50,20,True,PC,0,17,69,2024-03-22 08:29:02.709515,0
28,1000,50,20,True,PC,0,17,69,2024-03-22 08:29:02.740238,0
28,1000,50,20,True,PC,0,17,69,2024-03-22 08:29:02.771183,0
31,1000,50,20,True,PC,0,17,69,2024-03-22 08:29:02.811720,0
30,1000,50,20,True,PC,2,17,71,2024-03-22 08:29:02.845158,0
30,1000,50,20,True,PC,0,17,69,2024-03-22 08:29:02.877595,0
531,1000,50,20,False,PC,0,17,69,2024-03-22 08:29:03.411340,0
555,1000,50,20,False,PC,2,17,71,2024-03-22 08:29:03.968564,0
539,1000,50,20,False,PC,0,17,69,2024-03-22 08:29:04.511565,0
514,1000,50,20,False,PC,0,17,70,2024-03-22 08:29:05.027856,0
539,1000,50,20,False,PC,0,17,69,2024-03-22 08:29:05.570223,0
530,1000,50,20,False,PC,0,17,70,2024-03-22 08:29:06.102446,0
518,1000,50,20,False,PC,0,17,70,2024-03-22 08:29:06.622461,0
513,1000,50,20,False,PC,1,17,71,2024-03-22 08:29:07.138150,0
525,1000,50,20,False,PC,0,17,69,2024-03-22 08:29:07.665543,0
558,1000,50,20,False,PC,2,17,71,2024-03-22 08:29:08.226686,0
151,2000,10000,1,True,PC,0,17,69,2024-03-22 08:29:08.380354,0
23,2000,10000,1,True,PC,6,17,74,2024-03-22 08:29:08.404761,0
21,2000,10000,1,True,PC,3,17,72,2024-03-22 08:29:08.428283,0
23,2000,10000,1,True,PC,6,17,74,2024-03-22 08:29:08.452724,0
23,2000,10000,1,True,PC,3,17,72,2024-03-22 08:29:08.476772,0
22,2000,10000,1,True,PC,11,17,79,2024-03-22 08:29:08.500181,0
20,2000,10000,1,True,PC,3,17,72,2024-03-22 08:29:08.522907,0
22,2000,10000,1,True,PC,0,17,69,2024-03-22 08:29:08.547075,0
22,2000,10000,1,True,PC,3,17,72,2024-03-22 08:29:08.570651,0
22,2000,10000,1,True,PC,0,17,69,2024-03-22 08:29:08.595026,0
108,2000,10000,1,False,PC,0,17,69,2024-03-22 08:29:08.705315,0
84,2000,10000,1,False,PC,1,17,70,2024-03-22 08:29:08.791896,0
83,2000,10000,1,False,PC,4,17,73,2024-03-22 08:29:08.879482,0
85,2000,10000,1,False,PC,1,17,70,2024-03-22 08:29:08.967028,0
92,2000,10000,1,False,PC,0,17,69,2024-03-22 08:29:09.061045,0
84,2000,10000,1,False,PC,2,17,71,2024-03-22 08:29:09.147091,0
83,2000,10000,1,False,PC,1,17,70,2024-03-22 08:29:09.232303,0
84,2000,10000,1,False,PC,2,17,71,2024-03-22 08:29:09.318455,0
81,2000,10000,1,False,PC,0,17,69,2024-03-22 08:29:09.402612,0
84,2000,10000,1,False,PC,0,17,69,2024-03-22 08:29:09.489548,0
79,2000,10000,5,True,PC,0,17,69,2024-03-22 08:29:09.571917,0
26,2000,10000,5,True,PC,3,17,72,2024-03-22 08:29:09.599498,0
25,2000,10000,5,True,PC,3,17,72,2024-03-22 08:29:09.631655,0
26,2000,10000,5,True,PC,0,17,69,2024-03-22 08:29:09.658817,0
26,2000,10000,5,True,PC,0,17,69,2024-03-22 08:29:09.687114,0
26,2000,10000,5,True,PC,3,17,72,2024-03-22 08:29:09.715511,0
26,2000,10000,5,True,PC,3,17,72,2024-03-22 08:29:09.743625,0
25,2000,10000,5,True,PC,0,17,69,2024-03-22 08:29:09.771250,0
26,2000,10000,5,True,PC,0,17,69,2024-03-22 08:29:09.798921,0
27,2000,10000,5,True,PC,0,17,69,2024-03-22 08:29:09.828653,0
95,2000,10000,5,False,PC,0,17,69,2024-03-22 08:29:09.926696,0
86,2000,10000,5,False,PC,1,17,70,2024-03-22 08:29:10.014073,0
112,2000,10000,5,False,PC,0,17,69,2024-03-22 08:29:10.129903,0
89,2000,10000,5,False,PC,9,17,77,2024-03-22 08:29:10.221882,0
85,2000,10000,5,False,PC,0,17,69,2024-03-22 08:29:10.308268,0
64,2000,10000,5,False,PC,1,17,70,2024-03-22 08:29:10.375082,0
73,2000,10000,5,False,PC,0,17,69,2024-03-22 08:29:10.450249,0
65,2000,10000,5,False,PC,0,17,69,2024-03-22 08:29:10.519244,0
64,2000,10000,5,False,PC,0,17,69,2024-03-22 08:29:10.586172,0
65,2000,10000,5,False,PC,0,17,69,2024-03-22 08:29:10.653958,0
75,2000,10000,10,True,PC,1,17,70,2024-03-22 08:29:10.731606,0
28,2000,10000,10,True,PC,3,17,72,2024-03-22 08:29:10.762128,0
27,2000,10000,10,True,PC,6,17,74,2024-03-22 08:29:10.791320,0
27,2000,10000,10,True,PC,0,17,69,2024-03-22 08:29:10.820914,0
26,2000,10000,10,True,PC,3,17,72,2024-03-22 08:29:10.848462,0
27,2000,10000,10,True,PC,0,17,69,2024-03-22 08:29:10.878274,0
27,2000,10000,10,True,PC,3,17,72,2024-03-22 08:29:10.908462,0
28,2000,10000,10,True,PC,11,17,79,2024-03-22 08:29:10.937689,0
29,2000,10000,10,True,PC,2,17,72,2024-03-22 08:29:10.968470,0
26,2000,10000,10,True,PC,0,17,69,2024-03-22 08:29:10.997296,0
90,2000,10000,10,False,PC,1,17,70,2024-03-22 08:29:11.090492,0
90,2000,10000,10,False,PC,1,17,70,2024-03-22 08:29:11.182536,0
93,2000,10000,10,False,PC,1,17,70,2024-03-22 08:29:11.278134,0
89,2000,10000,10,False,PC,0,17,69,2024-03-22 08:29:11.369180,0
86,2000,10000,10,False,PC,0,17,69,2024-03-22 08:29:11.457835,0
69,2000,10000,10,False,PC,1,17,70,2024-03-22 08:29:11.529407,0
145,2000,10000,10,False,PC,3,17,72,2024-03-22 08:29:11.676529,0
66,2000,10000,10,False,PC,1,17,70,2024-03-22 08:29:11.744634,0
76,2000,10000,10,False,PC,5,17,73,2024-03-22 08:29:11.823089,0
67,2000,10000,10,False,PC,0,17,69,2024-03-22 08:29:11.892551,0
71,2000,10000,20,True,PC,1,17,70,2024-03-22 08:29:11.966232,0
30,2000,10000,20,True,PC,0,17,69,2024-03-22 08:29:11.999247,0
31,2000,10000,20,True,PC,5,17,73,2024-03-22 08:29:12.031779,0
30,2000,10000,20,True,PC,0,17,69,2024-03-22 08:29:12.063405,0
31,2000,10000,20,True,PC,0,17,69,2024-03-22 08:29:12.097064,0
30,2000,10000,20,True,PC,0,17,69,2024-03-22 08:29:12.129546,0
29,2000,10000,20,True,PC,0,17,69,2024-03-22 08:29:12.160736,0
30,2000,10000,20,True,PC,0,17,69,2024-03-22 08:29:12.193470,0
29,2000,10000,20,True,PC,0,17,69,2024-03-22 08:29:12.224383,0
28,2000,10000,20,True,PC,0,17,69,2024-03-22 08:29:12.253421,0
95,2000,10000,20,False,PC,5,17,74,2024-03-22 08:29:12.350776,0
92,2000,10000,20,False,PC,1,17,70,2024-03-22 08:29:12.444850,0
92,2000,10000,20,False,PC,1,17,70,2024-03-22 08:29:12.539590,0
94,2000,10000,20,False,PC,0,17,69,2024-03-22 08:29:12.636068,0
88,2000,10000,20,False,PC,0,17,69,2024-03-22 08:29:12.726946,0
72,2000,10000,20,False,PC,0,17,69,2024-03-22 08:29:12.801274,0
68,2000,10000,20,False,PC,1,17,70,2024-03-22 08:29:12.872058,0
71,2000,10000,20,False,PC,0,17,69,2024-03-22 08:29:12.945084,0
70,2000,10000,20,False,PC,1,17,70,2024-03-22 08:29:13.017287,0
72,2000,10000,20,False,PC,0,17,69,2024-03-22 08:29:13.092119,0
110,2000,1000,1,True,PC,1,17,70,2024-03-22 08:29:13.204888,0
21,2000,1000,1,True,PC,6,17,74,2024-03-22 08:29:13.229394,0
23,2000,1000,1,True,PC,0,17,69,2024-03-22 08:29:13.253722,0
22,2000,1000,1,True,PC,6,17,74,2024-03-22 08:29:13.277874,0
22,2000,1000,1,True,PC,0,17,69,2024-03-22 08:29:13.302207,0
22,2000,1000,1,True,PC,0,17,69,2024-03-22 08:29:13.328084,0
24,2000,1000,1,True,PC,0,17,69,2024-03-22 08:29:13.353190,0
23,2000,1000,1,True,PC,0,17,69,2024-03-22 08:29:13.378221,0
22,2000,1000,1,True,PC,0,17,69,2024-03-22 08:29:13.402224,0
22,2000,1000,1,True,PC,0,17,69,2024-03-22 08:29:13.425731,0
87,2000,1000,1,False,PC,0,17,69,2024-03-22 08:29:13.515507,0
88,2000,1000,1,False,PC,0,17,69,2024-03-22 08:29:13.605920,0
84,2000,1000,1,False,PC,2,17,71,2024-03-22 08:29:13.692109,0
86,2000,1000,1,False,PC,1,17,70,2024-03-22 08:29:13.779801,0
87,2000,1000,1,False,PC,1,17,70,2024-03-22 08:29:13.869946,0
87,2000,1000,1,False,PC,2,17,71,2024-03-22 08:29:13.959561,0
88,2000,1000,1,False,PC,4,17,73,2024-03-22 08:29:14.050434,0
89,2000,1000,1,False,PC,3,17,72,2024-03-22 08:29:14.143367,0
95,2000,1000,1,False,PC,3,17,72,2024-03-22 08:29:14.242846,0
94,2000,1000,1,False,PC,3,17,72,2024-03-22 08:29:14.339293,0
106,2000,1000,5,True,PC,3,17,72,2024-03-22 08:29:14.449988,0
29,2000,1000,5,True,PC,0,17,69,2024-03-22 08:29:14.481218,0
25,2000,1000,5,True,PC,0,17,69,2024-03-22 08:29:14.509344,0
26,2000,1000,5,True,PC,0,17,69,2024-03-22 08:29:14.538578,0
25,2000,1000,5,True,PC,3,17,72,2024-03-22 08:29:14.565679,0
25,2000,1000,5,True,PC,0,17,69,2024-03-22 08:29:14.594378,0
29,2000,1000,5,True,PC,0,17,69,2024-03-22 08:29:14.627072,0
25,2000,1000,5,True,PC,6,17,75,2024-03-22 08:29:14.656654,0
27,2000,1000,5,True,PC,5,17,73,2024-03-22 08:29:14.685693,0
26,2000,1000,5,True,PC,3,17,72,2024-03-22 08:29:14.715395,0
119,2000,1000,5,False,PC,0,17,70,2024-03-22 08:29:14.836760,0
91,2000,1000,5,False,PC,0,17,69,2024-03-22 08:29:14.930540,0
107,2000,1000,5,False,PC,1,17,71,2024-03-22 08:29:15.040741,0
90,2000,1000,5,False,PC,0,17,69,2024-03-22 08:29:15.140084,0
91,2000,1000,5,False,PC,1,17,70,2024-03-22 08:29:15.233591,0
89,2000,1000,5,False,PC,0,17,69,2024-03-22 08:29:15.327489,0
106,2000,1000,5,False,PC,0,17,70,2024-03-22 08:29:15.435723,0
91,2000,1000,5,False,PC,0,17,69,2024-03-22 08:29:15.529807,0
100,2000,1000,5,False,PC,1,17,71,2024-03-22 08:29:15.631476,0
94,2000,1000,5,False,PC,0,17,69,2024-03-22 08:29:15.729670,0
92,2000,1000,10,True,PC,1,17,70,2024-03-22 08:29:15.824314,0
28,2000,1000,10,True,PC,0,17,69,2024-03-22 08:29:15.862778,0
32,2000,1000,10,True,PC,6,17,74,2024-03-22 08:29:15.904059,0
30,2000,1000,10,True,PC,7,17,75,2024-03-22 08:29:15.937391,0
28,2000,1000,10,True,PC,0,17,69,2024-03-22 08:29:15.968015,0
30,2000,1000,10,True,PC,0,17,69,2024-03-22 08:29:16.000447,0
28,2000,1000,10,True,PC,5,17,74,2024-03-22 08:29:16.030926,0
27,2000,1000,10,True,PC,10,17,78,2024-03-22 08:29:16.061849,0
28,2000,1000,10,True,PC,6,17,74,2024-03-22 08:29:16.092277,0
28,2000,1000,10,True,PC,0,17,69,2024-03-22 08:29:16.123604,0
115,2000,1000,10,False,PC,3,17,72,2024-03-22 08:29:16.241295,0
104,2000,1000,10,False,PC,4,17,73,2024-03-22 08:29:16.349325,0
94,2000,1000,10,False,PC,4,17,73,2024-03-22 08:29:16.446196,0
103,2000,1000,10,False,PC,2,17,71,2024-03-22 08:29:16.551990,0
120,2000,1000,10,False,PC,11,17,79,2024-03-22 08:29:16.675446,0
97,2000,1000,10,False,PC,20,17,86,2024-03-22 08:29:16.776772,0
99,2000,1000,10,False,PC,11,17,79,2024-03-22 08:29:16.878006,0
179,2000,1000,10,False,PC,5,17,73,2024-03-22 08:29:17.059895,0
92,2000,1000,10,False,PC,1,17,70,2024-03-22 08:29:17.153361,0
94,2000,1000,10,False,PC,0,17,69,2024-03-22 08:29:17.250388,0
97,2000,1000,20,True,PC,0,17,70,2024-03-22 08:29:17.349468,0
31,2000,1000,20,True,PC,6,17,75,2024-03-22 08:29:17.382907,0
28,2000,1000,20,True,PC,5,17,74,2024-03-22 08:29:17.412630,0
29,2000,1000,20,True,PC,3,17,72,2024-03-22 08:29:17.443218,0
29,2000,1000,20,True,PC,0,17,69,2024-03-22 08:29:17.474108,0
31,2000,1000,20,True,PC,6,17,74,2024-03-22 08:29:17.509011,0
32,2000,1000,20,True,PC,0,17,69,2024-03-22 08:29:17.543637,0
32,2000,1000,20,True,PC,5,17,74,2024-03-22 08:29:17.578122,0
31,2000,1000,20,True,PC,4,17,73,2024-03-22 08:29:17.612385,0
31,2000,1000,20,True,PC,0,17,69,2024-03-22 08:29:17.646714,0
123,2000,1000,20,False,PC,2,17,71,2024-03-22 08:29:17.773094,0
97,2000,1000,20,False,PC,1,17,70,2024-03-22 08:29:17.874041,0
96,2000,1000,20,False,PC,0,17,69,2024-03-22 08:29:17.971110,0
97,2000,1000,20,False,PC,1,17,70,2024-03-22 08:29:18.071530,0
97,2000,1000,20,False,PC,1,17,70,2024-03-22 08:29:18.171222,0
94,2000,1000,20,False,PC,0,17,70,2024-03-22 08:29:18.267421,0
109,2000,1000,20,False,PC,2,17,71,2024-03-22 08:29:18.379358,0
98,2000,1000,20,False,PC,0,17,69,2024-03-22 08:29:18.481145,0
103,2000,1000,20,False,PC,0,17,69,2024-03-22 08:29:18.586597,0
104,2000,1000,20,False,PC,0,17,70,2024-03-22 08:29:18.694478,0
136,2000,500,1,True,PC,4,17,73,2024-03-22 08:29:18.833287,0
21,2000,500,1,True,PC,0,17,69,2024-03-22 08:29:18.857292,0
21,2000,500,1,True,PC,0,17,69,2024-03-22 08:29:18.880389,0
21,2000,500,1,True,PC,6,17,74,2024-03-22 08:29:18.903507,0
20,2000,500,1,True,PC,0,17,69,2024-03-22 08:29:18.926489,0
23,2000,500,1,True,PC,6,17,74,2024-03-22 08:29:18.950662,0
24,2000,500,1,True,PC,3,17,72,2024-03-22 08:29:18.976001,0
23,2000,500,1,True,PC,0,17,69,2024-03-22 08:29:19.003095,0
22,2000,500,1,True,PC,5,17,74,2024-03-22 08:29:19.027775,0
23,2000,500,1,True,PC,0,17,69,2024-03-22 08:29:19.052788,0
142,2000,500,1,False,PC,2,17,71,2024-03-22 08:29:19.198000,0
145,2000,500,1,False,PC,1,17,70,2024-03-22 08:29:19.346714,0
141,2000,500,1,False,PC,4,17,73,2024-03-22 08:29:19.491656,0
134,2000,500,1,False,PC,1,17,70,2024-03-22 08:29:19.628033,0
136,2000,500,1,False,PC,0,17,70,2024-03-22 08:29:19.765093,0
137,2000,500,1,False,PC,0,17,70,2024-03-22 08:29:19.905039,0
133,2000,500,1,False,PC,0,17,70,2024-03-22 08:29:20.040165,0
133,2000,500,1,False,PC,1,17,70,2024-03-22 08:29:20.175432,0
132,2000,500,1,False,PC,0,17,70,2024-03-22 08:29:20.309010,0
137,2000,500,1,False,PC,0,17,70,2024-03-22 08:29:20.448583,0
136,2000,500,5,True,PC,0,17,69,2024-03-22 08:29:20.588161,0
25,2000,500,5,True,PC,0,17,69,2024-03-22 08:29:20.616142,0
25,2000,500,5,True,PC,3,17,72,2024-03-22 08:29:20.643579,0
25,2000,500,5,True,PC,0,17,69,2024-03-22 08:29:20.671484,0
25,2000,500,5,True,PC,0,17,69,2024-03-22 08:29:20.698787,0
26,2000,500,5,True,PC,6,17,74,2024-03-22 08:29:20.726738,0
25,2000,500,5,True,PC,0,17,69,2024-03-22 08:29:20.754081,0
24,2000,500,5,True,PC,0,17,69,2024-03-22 08:29:20.779921,0
24,2000,500,5,True,PC,3,17,72,2024-03-22 08:29:20.806576,0
26,2000,500,5,True,PC,0,17,69,2024-03-22 08:29:20.833901,0
158,2000,500,5,False,PC,0,17,70,2024-03-22 08:29:20.994267,0
149,2000,500,5,False,PC,0,17,70,2024-03-22 08:29:21.146288,0
134,2000,500,5,False,PC,0,17,70,2024-03-22 08:29:21.283825,0
141,2000,500,5,False,PC,0,17,69,2024-03-22 08:29:21.426960,0
138,2000,500,5,False,PC,0,17,70,2024-03-22 08:29:21.567572,0
144,2000,500,5,False,PC,1,17,70,2024-03-22 08:29:21.713589,0
139,2000,500,5,False,PC,0,17,70,2024-03-22 08:29:21.854870,0
135,2000,500,5,False,PC,0,17,69,2024-03-22 08:29:21.993587,0
151,2000,500,5,False,PC,0,17,69,2024-03-22 08:29:22.148779,0
136,2000,500,5,False,PC,0,17,69,2024-03-22 08:29:22.286567,0
139,2000,500,10,True,PC,0,17,69,2024-03-22 08:29:22.429439,0
27,2000,500,10,True,PC,0,17,69,2024-03-22 08:29:22.459618,0
27,2000,500,10,True,PC,0,17,69,2024-03-22 08:29:22.488525,0
27,2000,500,10,True,PC,0,17,69,2024-03-22 08:29:22.517561,0
26,2000,500,10,True,PC,0,17,69,2024-03-22 08:29:22.545191,0
27,2000,500,10,True,PC,3,17,72,2024-03-22 08:29:22.573945,0
25,2000,500,10,True,PC,0,17,69,2024-03-22 08:29:22.600824,0
27,2000,500,10,True,PC,3,17,72,2024-03-22 08:29:22.630502,0
27,2000,500,10,True,PC,0,17,69,2024-03-22 08:29:22.659801,0
27,2000,500,10,True,PC,0,17,69,2024-03-22 08:29:22.689221,0
139,2000,500,10,False,PC,0,17,69,2024-03-22 08:29:22.829653,0
136,2000,500,10,False,PC,0,17,69,2024-03-22 08:29:22.968846,0
144,2000,500,10,False,PC,0,17,69,2024-03-22 08:29:23.115917,0
140,2000,500,10,False,PC,0,17,70,2024-03-22 08:29:23.258119,0
139,2000,500,10,False,PC,0,17,69,2024-03-22 08:29:23.401114,0
142,2000,500,10,False,PC,0,17,70,2024-03-22 08:29:23.545439,0
136,2000,500,10,False,PC,0,17,69,2024-03-22 08:29:23.685309,0
166,2000,500,10,False,PC,0,17,69,2024-03-22 08:29:23.853761,0
139,2000,500,10,False,PC,1,17,70,2024-03-22 08:29:23.995050,0
166,2000,500,10,False,PC,0,17,69,2024-03-22 08:29:24.164208,0
150,2000,500,20,True,PC,1,17,70,2024-03-22 08:29:24.315983,0
30,2000,500,20,True,PC,3,17,72,2024-03-22 08:29:24.348776,0
31,2000,500,20,True,PC,3,17,72,2024-03-22 08:29:24.382639,0
30,2000,500,20,True,PC,3,17,72,2024-03-22 08:29:24.415436,0
30,2000,500,20,True,PC,0,17,69,2024-03-22 08:29:24.447330,0
30,2000,500,20,True,PC,3,17,72,2024-03-22 08:29:24.478458,0
28,2000,500,20,True,PC,0,17,69,2024-03-22 08:29:24.508245,0
30,2000,500,20,True,PC,6,17,74,2024-03-22 08:29:24.539821,0
27,2000,500,20,True,PC,0,17,69,2024-03-22 08:29:24.570543,0
30,2000,500,20,True,PC,0,17,69,2024-03-22 08:29:24.603059,0
149,2000,500,20,False,PC,0,17,70,2024-03-22 08:29:24.755063,0
211,2000,500,20,False,PC,3,17,72,2024-03-22 08:29:24.969435,0
144,2000,500,20,False,PC,0,17,70,2024-03-22 08:29:25.115667,0
142,2000,500,20,False,PC,0,17,69,2024-03-22 08:29:25.260121,0
164,2000,500,20,False,PC,0,17,70,2024-03-22 08:29:25.427147,0
145,2000,500,20,False,PC,0,17,69,2024-03-22 08:29:25.574987,0
144,2000,500,20,False,PC,0,17,70,2024-03-22 08:29:25.721814,0
148,2000,500,20,False,PC,0,17,69,2024-03-22 08:29:25.873142,0
144,2000,500,20,False,PC,0,17,69,2024-03-22 08:29:26.020084,0
149,2000,500,20,False,PC,1,17,70,2024-03-22 08:29:26.172286,0
565,2000,100,1,True,PC,0,17,69,2024-03-22 08:29:26.739766,0
21,2000,100,1,True,PC,6,17,74,2024-03-22 08:29:26.763771,0
21,2000,100,1,True,PC,6,17,74,2024-03-22 08:29:26.785777,0
21,2000,100,1,True,PC,6,17,74,2024-03-22 08:29:26.808768,0
23,2000,100,1,True,PC,3,17,72,2024-03-22 08:29:26.833175,0
22,2000,100,1,True,PC,0,17,69,2024-03-22 08:29:26.857193,0
23,2000,100,1,True,PC,3,17,72,2024-03-22 08:29:26.881440,0
21,2000,100,1,True,PC,0,17,69,2024-03-22 08:29:26.903445,0
21,2000,100,1,True,PC,0,17,69,2024-03-22 08:29:26.926949,0
23,2000,100,1,True,PC,0,17,69,2024-03-22 08:29:26.950955,0
546,2000,100,1,False,PC,0,17,69,2024-03-22 08:29:27.499556,0
531,2000,100,1,False,PC,0,17,69,2024-03-22 08:29:28.034384,0
542,2000,100,1,False,PC,0,17,69,2024-03-22 08:29:28.578762,0
537,2000,100,1,False,PC,0,17,69,2024-03-22 08:29:29.118574,0
546,2000,100,1,False,PC,0,17,69,2024-03-22 08:29:29.667594,0
556,2000,100,1,False,PC,0,17,69,2024-03-22 08:29:30.226121,0
543,2000,100,1,False,PC,0,17,69,2024-03-22 08:29:30.771719,0
526,2000,100,1,False,PC,0,17,69,2024-03-22 08:29:31.300037,0
549,2000,100,1,False,PC,0,17,69,2024-03-22 08:29:31.851968,0
531,2000,100,1,False,PC,0,17,69,2024-03-22 08:29:32.386513,0
564,2000,100,5,True,PC,0,17,69,2024-03-22 08:29:32.953362,0
24,2000,100,5,True,PC,0,17,69,2024-03-22 08:29:32.980078,0
26,2000,100,5,True,PC,0,17,69,2024-03-22 08:29:33.007511,0
25,2000,100,5,True,PC,0,17,69,2024-03-22 08:29:33.034067,0
26,2000,100,5,True,PC,0,17,69,2024-03-22 08:29:33.062111,0
25,2000,100,5,True,PC,3,17,72,2024-03-22 08:29:33.088294,0
26,2000,100,5,True,PC,3,17,72,2024-03-22 08:29:33.116297,0
25,2000,100,5,True,PC,0,17,69,2024-03-22 08:29:33.143807,0
25,2000,100,5,True,PC,0,17,69,2024-03-22 08:29:33.170608,0
26,2000,100,5,True,PC,0,17,69,2024-03-22 08:29:33.198496,0
553,2000,100,5,False,PC,0,17,69,2024-03-22 08:29:33.755615,0
554,2000,100,5,False,PC,0,17,69,2024-03-22 08:29:34.312000,0
537,2000,100,5,False,PC,0,17,69,2024-03-22 08:29:34.852716,0
559,2000,100,5,False,PC,0,17,69,2024-03-22 08:29:35.414888,0
528,2000,100,5,False,PC,0,17,69,2024-03-22 08:29:35.945149,0
565,2000,100,5,False,PC,1,17,70,2024-03-22 08:29:36.512954,0
561,2000,100,5,False,PC,5,17,74,2024-03-22 08:29:37.076894,0
532,2000,100,5,False,PC,0,17,69,2024-03-22 08:29:37.611778,0
542,2000,100,5,False,PC,1,17,71,2024-03-22 08:29:38.156427,0
542,2000,100,5,False,PC,0,17,69,2024-03-22 08:29:38.701386,0
530,2000,100,10,True,PC,0,17,69,2024-03-22 08:29:39.235045,0
28,2000,100,10,True,PC,0,17,69,2024-03-22 08:29:39.264078,0
29,2000,100,10,True,PC,3,17,72,2024-03-22 08:29:39.294131,0
29,2000,100,10,True,PC,3,17,72,2024-03-22 08:29:39.324198,0
27,2000,100,10,True,PC,0,17,69,2024-03-22 08:29:39.351751,0
27,2000,100,10,True,PC,0,17,69,2024-03-22 08:29:39.380787,0
27,2000,100,10,True,PC,0,17,69,2024-03-22 08:29:39.408794,0
26,2000,100,10,True,PC,6,17,74,2024-03-22 08:29:39.436299,0
27,2000,100,10,True,PC,3,17,72,2024-03-22 08:29:39.465858,0
28,2000,100,10,True,PC,0,17,69,2024-03-22 08:29:39.494999,0
562,2000,100,10,False,PC,0,17,69,2024-03-22 08:29:40.059720,0
527,2000,100,10,False,PC,0,17,69,2024-03-22 08:29:40.589238,0
538,2000,100,10,False,PC,0,17,69,2024-03-22 08:29:41.130968,0
566,2000,100,10,False,PC,0,17,69,2024-03-22 08:29:41.700818,0
552,2000,100,10,False,PC,0,17,69,2024-03-22 08:29:42.255011,0
536,2000,100,10,False,PC,1,17,71,2024-03-22 08:29:42.795192,0
555,2000,100,10,False,PC,0,17,69,2024-03-22 08:29:43.352678,0
578,2000,100,10,False,PC,0,17,69,2024-03-22 08:29:43.933218,0
552,2000,100,10,False,PC,0,17,69,2024-03-22 08:29:44.487827,0
537,2000,100,10,False,PC,0,17,70,2024-03-22 08:29:45.027729,0
554,2000,100,20,True,PC,0,17,69,2024-03-22 08:29:45.585090,0
30,2000,100,20,True,PC,0,17,69,2024-03-22 08:29:45.617240,0
30,2000,100,20,True,PC,0,17,69,2024-03-22 08:29:45.648792,0
30,2000,100,20,True,PC,0,17,69,2024-03-22 08:29:45.680213,0
30,2000,100,20,True,PC,0,17,69,2024-03-22 08:29:45.711724,0
29,2000,100,20,True,PC,0,17,69,2024-03-22 08:29:45.742296,0
30,2000,100,20,True,PC,3,17,72,2024-03-22 08:29:45.774182,0
31,2000,100,20,True,PC,3,17,72,2024-03-22 08:29:45.808051,0
30,2000,100,20,True,PC,3,17,72,2024-03-22 08:29:45.840039,0
28,2000,100,20,True,PC,3,17,72,2024-03-22 08:29:45.870481,0
558,2000,100,20,False,PC,0,17,69,2024-03-22 08:29:46.431092,0
523,2000,100,20,False,PC,0,17,69,2024-03-22 08:29:46.956628,0
635,2000,100,20,False,PC,1,17,70,2024-03-22 08:29:47.593934,0
562,2000,100,20,False,PC,0,17,69,2024-03-22 08:29:48.159653,0
573,2000,100,20,False,PC,0,17,69,2024-03-22 08:29:48.735631,0
522,2000,100,20,False,PC,0,17,69,2024-03-22 08:29:49.260266,0
564,2000,100,20,False,PC,0,17,69,2024-03-22 08:29:49.828246,0
541,2000,100,20,False,PC,0,17,69,2024-03-22 08:29:50.372226,0
558,2000,100,20,False,PC,0,17,69,2024-03-22 08:29:50.932491,0
538,2000,100,20,False,PC,0,17,69,2024-03-22 08:29:51.472810,0
1033,2000,50,1,True,PC,0,17,69,2024-03-22 08:29:52.508696,0
22,2000,50,1,True,PC,3,17,72,2024-03-22 08:29:52.532805,0
23,2000,50,1,True,PC,6,17,74,2024-03-22 08:29:52.557605,0
22,2000,50,1,True,PC,3,17,72,2024-03-22 08:29:52.581106,0
23,2000,50,1,True,PC,6,17,74,2024-03-22 08:29:52.605507,0
23,2000,50,1,True,PC,0,17,69,2024-03-22 08:29:52.629519,0
23,2000,50,1,True,PC,0,17,69,2024-03-22 08:29:52.654024,0
23,2000,50,1,True,PC,0,17,69,2024-03-22 08:29:52.678029,0
23,2000,50,1,True,PC,0,17,69,2024-03-22 08:29:52.702035,0
23,2000,50,1,True,PC,0,17,69,2024-03-22 08:29:52.726058,0
1010,2000,50,1,False,PC,0,17,69,2024-03-22 08:29:53.739790,0
1033,2000,50,1,False,PC,0,17,69,2024-03-22 08:29:54.775754,0
1026,2000,50,1,False,PC,0,17,70,2024-03-22 08:29:55.804586,0
1180,2000,50,1,False,PC,0,17,69,2024-03-22 08:29:56.986698,0
1724,2000,50,1,False,PC,0,17,69,2024-03-22 08:29:58.713228,0
1000,2000,50,1,False,PC,0,17,69,2024-03-22 08:29:59.715724,0
1029,2000,50,1,False,PC,0,17,69,2024-03-22 08:30:00.747253,0
1049,2000,50,1,False,PC,0,17,69,2024-03-22 08:30:01.799080,0
1013,2000,50,1,False,PC,0,17,70,2024-03-22 08:30:02.814193,0
1020,2000,50,1,False,PC,0,17,69,2024-03-22 08:30:03.836903,0
1026,2000,50,5,True,PC,0,17,69,2024-03-22 08:30:04.865602,0
25,2000,50,5,True,PC,3,17,72,2024-03-22 08:30:04.893608,0
26,2000,50,5,True,PC,6,17,74,2024-03-22 08:30:04.921054,0
24,2000,50,5,True,PC,0,17,69,2024-03-22 08:30:04.947484,0
24,2000,50,5,True,PC,0,17,69,2024-03-22 08:30:04.973016,0
25,2000,50,5,True,PC,0,17,69,2024-03-22 08:30:05.000396,0
25,2000,50,5,True,PC,0,17,69,2024-03-22 08:30:05.026402,0
25,2000,50,5,True,PC,0,17,69,2024-03-22 08:30:05.053195,0
25,2000,50,5,True,PC,0,17,69,2024-03-22 08:30:05.080235,0
25,2000,50,5,True,PC,0,17,69,2024-03-22 08:30:05.106597,0
1054,2000,50,5,False,PC,0,17,69,2024-03-22 08:30:06.163488,0
994,2000,50,5,False,PC,0,17,69,2024-03-22 08:30:07.160259,0
1062,2000,50,5,False,PC,0,17,69,2024-03-22 08:30:08.225179,0
1037,2000,50,5,False,PC,0,17,69,2024-03-22 08:30:09.264658,0
1029,2000,50,5,False,PC,0,17,69,2024-03-22 08:30:10.295883,0
1035,2000,50,5,False,PC,0,17,69,2024-03-22 08:30:11.333226,0
1068,2000,50,5,False,PC,0,17,69,2024-03-22 08:30:12.403522,0
1061,2000,50,5,False,PC,0,17,69,2024-03-22 08:30:13.466657,0
990,2000,50,5,False,PC,0,17,69,2024-03-22 08:30:14.460407,0
1069,2000,50,5,False,PC,0,17,69,2024-03-22 08:30:15.532813,0
1009,2000,50,10,True,PC,0,17,69,2024-03-22 08:30:16.544189,0
27,2000,50,10,True,PC,0,17,69,2024-03-22 08:30:16.574724,0
27,2000,50,10,True,PC,6,17,74,2024-03-22 08:30:16.604731,0
26,2000,50,10,True,PC,0,17,69,2024-03-22 08:30:16.633738,0
28,2000,50,10,True,PC,3,17,72,2024-03-22 08:30:16.662769,0
27,2000,50,10,True,PC,6,17,74,2024-03-22 08:30:16.691276,0
28,2000,50,10,True,PC,0,17,69,2024-03-22 08:30:16.720283,0
28,2000,50,10,True,PC,0,17,69,2024-03-22 08:30:16.750371,0
27,2000,50,10,True,PC,4,17,73,2024-03-22 08:30:16.780043,0
27,2000,50,10,True,PC,3,17,72,2024-03-22 08:30:16.809337,0
1028,2000,50,10,False,PC,0,17,69,2024-03-22 08:30:17.841423,0
1022,2000,50,10,False,PC,0,17,69,2024-03-22 08:30:18.865974,0
1038,2000,50,10,False,PC,0,17,69,2024-03-22 08:30:19.906529,0
1024,2000,50,10,False,PC,0,17,69,2024-03-22 08:30:20.933985,0
1012,2000,50,10,False,PC,0,17,69,2024-03-22 08:30:21.948419,0
1017,2000,50,10,False,PC,0,17,69,2024-03-22 08:30:22.968073,0
1044,2000,50,10,False,PC,0,17,69,2024-03-22 08:30:24.015809,0
1011,2000,50,10,False,PC,0,17,69,2024-03-22 08:30:25.029109,0
1039,2000,50,10,False,PC,0,17,69,2024-03-22 08:30:26.071302,0
1013,2000,50,10,False,PC,0,17,69,2024-03-22 08:30:27.086525,0
1061,2000,50,20,True,PC,0,17,69,2024-03-22 08:30:28.150475,0
32,2000,50,20,True,PC,0,17,69,2024-03-22 08:30:28.184575,0
29,2000,50,20,True,PC,0,17,69,2024-03-22 08:30:28.215105,0
28,2000,50,20,True,PC,0,17,69,2024-03-22 08:30:28.245131,0
30,2000,50,20,True,PC,6,17,74,2024-03-22 08:30:28.277135,0
29,2000,50,20,True,PC,0,17,69,2024-03-22 08:30:28.307679,0
30,2000,50,20,True,PC,0,17,69,2024-03-22 08:30:28.338686,0
29,2000,50,20,True,PC,0,17,69,2024-03-22 08:30:28.369967,0
30,2000,50,20,True,PC,3,17,72,2024-03-22 08:30:28.402843,0
30,2000,50,20,True,PC,0,17,69,2024-03-22 08:30:28.433968,0
1045,2000,50,20,False,PC,0,17,69,2024-03-22 08:30:29.482680,0
1116,2000,50,20,False,PC,0,17,69,2024-03-22 08:30:30.602548,0
1027,2000,50,20,False,PC,0,17,69,2024-03-22 08:30:31.631883,0
1079,2000,50,20,False,PC,0,17,69,2024-03-22 08:30:32.714147,0
1017,2000,50,20,False,PC,0,17,69,2024-03-22 08:30:33.733931,0
1054,2000,50,20,False,PC,0,17,69,2024-03-22 08:30:34.790124,0
1022,2000,50,20,False,PC,0,17,69,2024-03-22 08:30:35.815299,0
1146,2000,50,20,False,PC,0,17,69,2024-03-22 08:30:36.964509,0
1010,2000,50,20,False,PC,0,17,69,2024-03-22 08:30:37.977702,0
1010,2000,50,20,False,PC,0,17,69,2024-03-22 08:30:38.990299,0
