delta,isentropic,data_size,fig_size,device_type,cpu,memory,consumption,timestamp,gpu,cumm_net_delay,viewer_satisfaction
18,1,5,1,Laptop,7,31,19,2024-03-21 15:14:22.893856,0,26,1
14,1,5,1,Laptop,5,31,19,2024-03-21 15:14:23.043696,0,22,1
22,1,5,1,Laptop,8,31,19,2024-03-21 15:14:23.270338,0,30,1
14,1,5,1,Laptop,6,31,19,2024-03-21 15:14:23.419436,0,22,1
14,1,5,1,Laptop,6,31,19,2024-03-21 15:14:23.569691,0,22,1
15,1,5,1,Laptop,7,31,19,2024-03-21 15:14:23.720926,0,23,1
15,1,5,1,Laptop,7,31,19,2024-03-21 15:14:23.871975,0,23,1
15,1,5,1,Laptop,6,31,19,2024-03-21 15:14:24.022997,0,23,1
15,1,5,1,Laptop,9,31,19,2024-03-21 15:14:24.175391,0,23,1
15,1,5,1,Laptop,6,31,19,2024-03-21 15:14:24.327489,0,23,1
15,1,5,10,Laptop,6,31,19,2024-03-21 15:14:24.478980,0,23,10
15,1,5,10,Laptop,6,31,19,2024-03-21 15:14:24.631418,0,23,10
14,1,5,10,Laptop,6,31,19,2024-03-21 15:14:24.781533,0,22,10
15,1,5,10,Laptop,6,31,19,2024-03-21 15:14:24.933242,0,23,10
14,1,5,10,Laptop,8,31,19,2024-03-21 15:14:25.082036,0,22,10
15,1,5,10,Laptop,6,31,19,2024-03-21 15:14:25.237847,0,23,10
14,1,5,10,Laptop,6,31,19,2024-03-21 15:14:25.386018,0,22,10
14,1,5,10,Laptop,6,31,19,2024-03-21 15:14:25.534775,0,22,10
14,1,5,10,Laptop,7,31,19,2024-03-21 15:14:25.684824,0,22,10
15,1,5,10,Laptop,6,31,19,2024-03-21 15:14:25.836705,0,23,10
15,1,5,20,Laptop,7,31,19,2024-03-21 15:14:25.991009,0,23,20
15,1,5,20,Laptop,7,31,19,2024-03-21 15:14:26.145395,0,23,20
15,1,5,20,Laptop,11,31,19,2024-03-21 15:14:26.302258,0,23,20
15,1,5,20,Laptop,6,32,19,2024-03-21 15:14:26.453645,0,23,20
15,1,5,20,Laptop,7,32,19,2024-03-21 15:14:26.605432,0,23,20
15,1,5,20,Laptop,6,32,19,2024-03-21 15:14:26.758736,0,23,20
17,1,5,20,Laptop,6,32,19,2024-03-21 15:14:26.931291,0,25,20
18,1,5,20,Laptop,6,32,19,2024-03-21 15:14:27.117227,0,26,20
19,1,5,20,Laptop,6,32,19,2024-03-21 15:14:27.310342,0,27,20
20,1,5,20,Laptop,6,32,19,2024-03-21 15:14:27.511588,0,28,20
23,1,5,50,Laptop,6,32,19,2024-03-21 15:14:27.742153,0,31,50
24,1,5,50,Laptop,6,32,19,2024-03-21 15:14:27.983170,0,32,50
23,1,5,50,Laptop,6,32,19,2024-03-21 15:14:28.218001,0,31,50
24,1,5,50,Laptop,6,33,19,2024-03-21 15:14:28.459635,0,32,50
25,1,5,50,Laptop,7,33,19,2024-03-21 15:14:28.711695,0,33,50
24,1,5,50,Laptop,6,33,19,2024-03-21 15:14:28.954880,0,32,50
23,1,5,50,Laptop,6,33,19,2024-03-21 15:14:29.193337,0,31,50
24,1,5,50,Laptop,6,33,19,2024-03-21 15:14:29.437764,0,32,50
23,1,5,50,Laptop,6,34,19,2024-03-21 15:14:29.669893,0,31,50
23,1,5,50,Laptop,6,34,19,2024-03-21 15:14:29.907563,0,31,50
44,1,5,80,Laptop,8,33,19,2024-03-21 15:14:30.349670,0,52,80
29,1,5,80,Laptop,6,33,19,2024-03-21 15:14:30.644207,0,37,80
29,1,5,80,Laptop,6,34,19,2024-03-21 15:14:30.938126,0,37,80
30,1,5,80,Laptop,6,34,19,2024-03-21 15:14:31.241800,0,38,80
29,1,5,80,Laptop,6,34,19,2024-03-21 15:14:31.538654,0,37,80
28,1,5,80,Laptop,6,35,19,2024-03-21 15:14:31.820730,0,36,80
29,1,5,80,Laptop,7,35,19,2024-03-21 15:14:32.121195,0,37,80
29,1,5,80,Laptop,6,35,19,2024-03-21 15:14:32.416222,0,37,80
28,1,5,80,Laptop,6,36,19,2024-03-21 15:14:32.698604,0,36,80
30,1,5,80,Laptop,6,36,19,2024-03-21 15:14:32.999526,0,38,80
23,1,10,1,Laptop,6,35,19,2024-03-21 15:14:33.230717,0,31,1
21,1,10,1,Laptop,7,35,19,2024-03-21 15:14:33.446989,0,29,1
22,1,10,1,Laptop,6,35,19,2024-03-21 15:14:33.669453,0,30,1
22,1,10,1,Laptop,7,35,19,2024-03-21 15:14:33.893756,0,30,1
22,1,10,1,Laptop,6,35,19,2024-03-21 15:14:34.114942,0,30,1
21,1,10,1,Laptop,6,35,19,2024-03-21 15:14:34.334341,0,29,1
21,1,10,1,Laptop,6,35,19,2024-03-21 15:14:34.550990,0,29,1
21,1,10,1,Laptop,6,35,19,2024-03-21 15:14:34.766407,0,29,1
21,1,10,1,Laptop,7,35,19,2024-03-21 15:14:34.984157,0,29,1
21,1,10,1,Laptop,6,35,19,2024-03-21 15:14:35.201088,0,29,1
21,1,10,10,Laptop,6,35,19,2024-03-21 15:14:35.415557,0,29,10
21,1,10,10,Laptop,6,35,19,2024-03-21 15:14:35.634432,0,29,10
21,1,10,10,Laptop,6,35,19,2024-03-21 15:14:35.853600,0,29,10
22,1,10,10,Laptop,9,35,19,2024-03-21 15:14:36.080967,0,30,10
22,1,10,10,Laptop,6,35,19,2024-03-21 15:14:36.305148,0,30,10
22,1,10,10,Laptop,6,35,19,2024-03-21 15:14:36.529221,0,30,10
22,1,10,10,Laptop,7,35,19,2024-03-21 15:14:36.751242,0,30,10
22,1,10,10,Laptop,6,35,19,2024-03-21 15:14:36.973132,0,30,10
22,1,10,10,Laptop,6,35,19,2024-03-21 15:14:37.194349,0,30,10
23,1,10,10,Laptop,10,35,19,2024-03-21 15:14:37.426676,0,31,10
27,1,10,20,Laptop,14,35,19,2024-03-21 15:14:37.699836,0,35,20
28,1,10,20,Laptop,9,35,19,2024-03-21 15:14:37.989722,0,36,20
24,1,10,20,Laptop,6,35,19,2024-03-21 15:14:38.239317,0,32,20
24,1,10,20,Laptop,8,35,19,2024-03-21 15:14:38.481185,0,32,20
23,1,10,20,Laptop,6,35,19,2024-03-21 15:14:38.717059,0,31,20
23,1,10,20,Laptop,6,35,19,2024-03-21 15:14:38.950804,0,31,20
22,1,10,20,Laptop,6,35,19,2024-03-21 15:14:39.177643,0,30,20
23,1,10,20,Laptop,7,35,19,2024-03-21 15:14:39.409351,0,31,20
22,1,10,20,Laptop,6,35,19,2024-03-21 15:14:39.631330,0,30,20
22,1,10,20,Laptop,7,35,19,2024-03-21 15:14:39.856332,0,30,20
26,1,10,50,Laptop,6,35,19,2024-03-21 15:14:40.120404,0,34,50
25,1,10,50,Laptop,6,35,19,2024-03-21 15:14:40.376237,0,33,50
25,1,10,50,Laptop,6,35,19,2024-03-21 15:14:40.636017,0,33,50
26,1,10,50,Laptop,7,35,19,2024-03-21 15:14:40.898600,0,34,50
25,1,10,50,Laptop,6,36,19,2024-03-21 15:14:41.158878,0,33,50
25,1,10,50,Laptop,6,36,19,2024-03-21 15:14:41.416753,0,33,50
25,1,10,50,Laptop,7,36,19,2024-03-21 15:14:41.675735,0,33,50
25,1,10,50,Laptop,7,36,19,2024-03-21 15:14:41.932971,0,33,50
26,1,10,50,Laptop,6,36,19,2024-03-21 15:14:42.193997,0,34,50
26,1,10,50,Laptop,7,36,19,2024-03-21 15:14:42.456233,0,34,50
30,1,10,80,Laptop,6,37,19,2024-03-21 15:14:42.761923,0,38,80
32,1,10,80,Laptop,6,37,19,2024-03-21 15:14:43.083416,0,40,80
31,1,10,80,Laptop,6,37,19,2024-03-21 15:14:43.400552,0,39,80
30,1,10,80,Laptop,7,37,19,2024-03-21 15:14:43.710807,0,38,80
50,1,10,80,Laptop,6,32,19,2024-03-21 15:14:44.211337,0,58,80
30,1,10,80,Laptop,6,33,19,2024-03-21 15:14:44.516066,0,38,80
30,1,10,80,Laptop,6,34,19,2024-03-21 15:14:44.820077,0,38,80
30,1,10,80,Laptop,6,34,19,2024-03-21 15:14:45.129795,0,38,80
30,1,10,80,Laptop,6,34,19,2024-03-21 15:14:45.439929,0,38,80
30,1,10,80,Laptop,6,35,19,2024-03-21 15:14:45.740652,0,38,80
24,1,20,1,Laptop,7,35,19,2024-03-21 15:14:45.985845,0,32,1
25,1,20,1,Laptop,6,35,19,2024-03-21 15:14:46.239405,0,33,1
24,1,20,1,Laptop,7,35,19,2024-03-21 15:14:46.489733,0,32,1
24,1,20,1,Laptop,6,35,19,2024-03-21 15:14:46.736280,0,32,1
24,1,20,1,Laptop,7,35,19,2024-03-21 15:14:46.984554,0,32,1
25,1,20,1,Laptop,6,35,19,2024-03-21 15:14:47.236588,0,33,1
25,1,20,1,Laptop,6,35,19,2024-03-21 15:14:47.490996,0,33,1
25,1,20,1,Laptop,7,35,19,2024-03-21 15:14:47.742364,0,33,1
24,1,20,1,Laptop,6,35,19,2024-03-21 15:14:47.988080,0,32,1
24,1,20,1,Laptop,6,35,19,2024-03-21 15:14:48.234584,0,32,1
24,1,20,10,Laptop,6,35,19,2024-03-21 15:14:48.482263,0,32,10
24,1,20,10,Laptop,7,35,19,2024-03-21 15:14:48.730780,0,32,10
25,1,20,10,Laptop,7,35,19,2024-03-21 15:14:48.985820,0,33,10
25,1,20,10,Laptop,6,35,19,2024-03-21 15:14:49.238888,0,33,10
24,1,20,10,Laptop,6,35,19,2024-03-21 15:14:49.484604,0,32,10
24,1,20,10,Laptop,6,35,19,2024-03-21 15:14:49.730401,0,32,10
24,1,20,10,Laptop,6,35,19,2024-03-21 15:14:49.979307,0,32,10
24,1,20,10,Laptop,6,35,19,2024-03-21 15:14:50.226612,0,32,10
24,1,20,10,Laptop,6,35,19,2024-03-21 15:14:50.474624,0,32,10
24,1,20,10,Laptop,6,35,19,2024-03-21 15:14:50.722911,0,32,10
24,1,20,20,Laptop,7,35,19,2024-03-21 15:14:50.972059,0,32,20
25,1,20,20,Laptop,6,35,19,2024-03-21 15:14:51.224248,0,33,20
24,1,20,20,Laptop,6,35,19,2024-03-21 15:14:51.472827,0,32,20
24,1,20,20,Laptop,6,35,19,2024-03-21 15:14:51.718167,0,32,20
24,1,20,20,Laptop,6,35,19,2024-03-21 15:14:51.966993,0,32,20
24,1,20,20,Laptop,6,35,19,2024-03-21 15:14:52.216392,0,32,20
24,1,20,20,Laptop,6,35,19,2024-03-21 15:14:52.463953,0,32,20
25,1,20,20,Laptop,6,35,19,2024-03-21 15:14:52.720665,0,33,20
25,1,20,20,Laptop,6,35,19,2024-03-21 15:14:52.973766,0,33,20
25,1,20,20,Laptop,6,35,19,2024-03-21 15:14:53.225451,0,33,20
28,1,20,50,Laptop,6,35,19,2024-03-21 15:14:53.513786,0,36,50
28,1,20,50,Laptop,6,35,19,2024-03-21 15:14:53.796387,0,36,50
29,1,20,50,Laptop,6,35,19,2024-03-21 15:14:54.087541,0,37,50
45,1,20,50,Laptop,6,32,19,2024-03-21 15:14:54.543957,0,53,50
27,1,20,50,Laptop,6,32,19,2024-03-21 15:14:54.822454,0,35,50
28,1,20,50,Laptop,6,32,19,2024-03-21 15:14:55.110722,0,36,50
28,1,20,50,Laptop,6,32,19,2024-03-21 15:14:55.391586,0,36,50
27,1,20,50,Laptop,6,33,19,2024-03-21 15:14:55.669536,0,35,50
29,1,20,50,Laptop,6,33,19,2024-03-21 15:14:55.960351,0,37,50
28,1,20,50,Laptop,6,33,19,2024-03-21 15:14:56.241451,0,36,50
32,1,20,80,Laptop,6,34,19,2024-03-21 15:14:56.568559,0,40,80
33,1,20,80,Laptop,6,34,19,2024-03-21 15:14:56.903454,0,41,80
32,1,20,80,Laptop,7,34,19,2024-03-21 15:14:57.232045,0,40,80
32,1,20,80,Laptop,6,35,19,2024-03-21 15:14:57.560756,0,40,80
33,1,20,80,Laptop,7,35,19,2024-03-21 15:14:57.900425,0,41,80
32,1,20,80,Laptop,6,36,19,2024-03-21 15:14:58.229867,0,40,80
32,1,20,80,Laptop,7,37,19,2024-03-21 15:14:58.556238,0,40,80
33,1,20,80,Laptop,7,37,19,2024-03-21 15:14:58.893551,0,41,80
32,1,20,80,Laptop,7,37,19,2024-03-21 15:14:59.223624,0,40,80
32,1,20,80,Laptop,6,38,19,2024-03-21 15:14:59.551922,0,40,80
28,1,30,1,Laptop,7,38,19,2024-03-21 15:14:59.837053,0,36,1
27,1,30,1,Laptop,7,38,19,2024-03-21 15:15:00.114355,0,35,1
27,1,30,1,Laptop,7,38,19,2024-03-21 15:15:00.391092,0,35,1
27,1,30,1,Laptop,6,38,19,2024-03-21 15:15:00.668621,0,35,1
27,1,30,1,Laptop,6,38,19,2024-03-21 15:15:00.942765,0,35,1
27,1,30,1,Laptop,6,38,19,2024-03-21 15:15:01.218492,0,35,1
27,1,30,1,Laptop,6,38,19,2024-03-21 15:15:01.498651,0,35,1
28,1,30,1,Laptop,6,38,19,2024-03-21 15:15:01.780155,0,36,1
28,1,30,1,Laptop,6,38,19,2024-03-21 15:15:02.065600,0,36,1
28,1,30,1,Laptop,6,38,19,2024-03-21 15:15:02.346601,0,36,1
27,1,30,10,Laptop,6,38,19,2024-03-21 15:15:02.622375,0,35,10
28,1,30,10,Laptop,7,37,19,2024-03-21 15:15:02.910900,0,36,10
28,1,30,10,Laptop,7,38,19,2024-03-21 15:15:03.196504,0,36,10
27,1,30,10,Laptop,6,38,19,2024-03-21 15:15:03.476225,0,35,10
28,1,30,10,Laptop,6,38,19,2024-03-21 15:15:03.757700,0,36,10
28,1,30,10,Laptop,6,37,19,2024-03-21 15:15:04.041754,0,36,10
29,1,30,10,Laptop,7,37,19,2024-03-21 15:15:04.336149,0,37,10
29,1,30,10,Laptop,6,38,19,2024-03-21 15:15:04.629648,0,37,10
27,1,30,10,Laptop,6,38,19,2024-03-21 15:15:04.909393,0,35,10
28,1,30,10,Laptop,6,38,19,2024-03-21 15:15:05.199785,0,36,10
29,1,30,20,Laptop,6,38,19,2024-03-21 15:15:05.491251,0,37,20
29,1,30,20,Laptop,6,38,19,2024-03-21 15:15:05.786780,0,37,20
30,1,30,20,Laptop,6,38,19,2024-03-21 15:15:06.089505,0,38,20
49,1,30,20,Laptop,6,31,19,2024-03-21 15:15:06.584111,0,57,20
27,1,30,20,Laptop,6,31,19,2024-03-21 15:15:06.856744,0,35,20
27,1,30,20,Laptop,7,31,19,2024-03-21 15:15:07.133515,0,35,20
27,1,30,20,Laptop,7,31,19,2024-03-21 15:15:07.411219,0,35,20
27,1,30,20,Laptop,6,32,19,2024-03-21 15:15:07.691645,0,35,20
28,1,30,20,Laptop,6,31,19,2024-03-21 15:15:07.975659,0,36,20
28,1,30,20,Laptop,6,31,19,2024-03-21 15:15:08.259260,0,36,20
32,1,30,50,Laptop,7,32,19,2024-03-21 15:15:08.588321,0,40,50
32,1,30,50,Laptop,6,32,19,2024-03-21 15:15:08.914535,0,40,50
31,1,30,50,Laptop,6,32,19,2024-03-21 15:15:09.231510,0,39,50
32,1,30,50,Laptop,6,32,19,2024-03-21 15:15:09.554853,0,40,50
32,1,30,50,Laptop,6,32,19,2024-03-21 15:15:09.881837,0,40,50
31,1,30,50,Laptop,6,33,19,2024-03-21 15:15:10.198245,0,39,50
31,1,30,50,Laptop,6,33,19,2024-03-21 15:15:10.512372,0,39,50
32,1,30,50,Laptop,6,33,19,2024-03-21 15:15:10.836747,0,40,50
31,1,30,50,Laptop,6,33,19,2024-03-21 15:15:11.153992,0,39,50
31,1,30,50,Laptop,6,34,19,2024-03-21 15:15:11.470318,0,39,50
38,1,30,80,Laptop,7,34,19,2024-03-21 15:15:11.860004,0,46,80
37,1,30,80,Laptop,6,35,19,2024-03-21 15:15:12.234496,0,45,80
37,1,30,80,Laptop,6,35,19,2024-03-21 15:15:12.613874,0,45,80
38,1,30,80,Laptop,6,35,19,2024-03-21 15:15:12.997914,0,46,80
37,1,30,80,Laptop,6,36,19,2024-03-21 15:15:13.368779,0,45,80
38,1,30,80,Laptop,6,36,19,2024-03-21 15:15:13.751488,0,46,80
38,1,30,80,Laptop,6,36,19,2024-03-21 15:15:14.134754,0,46,80
37,1,30,80,Laptop,6,36,19,2024-03-21 15:15:14.506000,0,45,80
39,1,30,80,Laptop,7,36,19,2024-03-21 15:15:14.904669,0,47,80
37,1,30,80,Laptop,6,37,19,2024-03-21 15:15:15.283098,0,45,80
19,10,5,1,Laptop,6,37,19,2024-03-21 15:15:15.544005,0,27,1
19,10,5,1,Laptop,6,37,19,2024-03-21 15:15:15.738428,0,27,1
19,10,5,1,Laptop,7,37,19,2024-03-21 15:15:15.936952,0,27,1
19,10,5,1,Laptop,6,37,19,2024-03-21 15:15:16.135380,0,27,1
19,10,5,1,Laptop,6,37,19,2024-03-21 15:15:16.331910,0,27,1
19,10,5,1,Laptop,7,37,19,2024-03-21 15:15:16.531574,0,27,1
19,10,5,1,Laptop,6,37,19,2024-03-21 15:15:16.727258,0,27,1
19,10,5,1,Laptop,7,37,19,2024-03-21 15:15:16.925036,0,27,1
19,10,5,1,Laptop,6,37,19,2024-03-21 15:15:17.122763,0,27,1
19,10,5,1,Laptop,7,37,19,2024-03-21 15:15:17.317811,0,27,1
19,10,5,10,Laptop,6,37,19,2024-03-21 15:15:17.512704,0,27,10
20,10,5,10,Laptop,6,37,19,2024-03-21 15:15:17.716191,0,28,10
19,10,5,10,Laptop,6,37,19,2024-03-21 15:15:17.914908,0,27,10
38,10,5,10,Laptop,6,31,19,2024-03-21 15:15:18.300324,0,46,10
19,10,5,10,Laptop,6,31,19,2024-03-21 15:15:18.494931,0,27,10
19,10,5,10,Laptop,6,31,19,2024-03-21 15:15:18.692254,0,27,10
19,10,5,10,Laptop,6,31,19,2024-03-21 15:15:18.888378,0,27,10
19,10,5,10,Laptop,6,31,19,2024-03-21 15:15:19.088235,0,27,10
19,10,5,10,Laptop,6,31,19,2024-03-21 15:15:19.282900,0,27,10
19,10,5,10,Laptop,7,31,19,2024-03-21 15:15:19.478623,0,27,10
20,10,5,20,Laptop,6,31,19,2024-03-21 15:15:19.679162,0,28,20
19,10,5,20,Laptop,7,31,19,2024-03-21 15:15:19.877475,0,27,20
19,10,5,20,Laptop,6,31,19,2024-03-21 15:15:20.077666,0,27,20
20,10,5,20,Laptop,6,31,19,2024-03-21 15:15:20.278608,0,28,20
20,10,5,20,Laptop,7,31,19,2024-03-21 15:15:20.480681,0,28,20
20,10,5,20,Laptop,6,31,19,2024-03-21 15:15:20.681421,0,28,20
20,10,5,20,Laptop,6,31,19,2024-03-21 15:15:20.885626,0,28,20
20,10,5,20,Laptop,6,31,19,2024-03-21 15:15:21.090179,0,28,20
19,10,5,20,Laptop,6,31,19,2024-03-21 15:15:21.289843,0,27,20
20,10,5,20,Laptop,6,32,19,2024-03-21 15:15:21.494455,0,28,20
23,10,5,50,Laptop,6,32,19,2024-03-21 15:15:21.725125,0,31,50
24,10,5,50,Laptop,8,32,19,2024-03-21 15:15:21.972160,0,32,50
24,10,5,50,Laptop,6,32,19,2024-03-21 15:15:22.218684,0,32,50
23,10,5,50,Laptop,6,32,19,2024-03-21 15:15:22.455175,0,31,50
23,10,5,50,Laptop,7,32,19,2024-03-21 15:15:22.693387,0,31,50
24,10,5,50,Laptop,7,33,19,2024-03-21 15:15:22.934405,0,32,50
24,10,5,50,Laptop,7,33,19,2024-03-21 15:15:23.178018,0,32,50
23,10,5,50,Laptop,6,33,19,2024-03-21 15:15:23.414772,0,31,50
23,10,5,50,Laptop,6,33,19,2024-03-21 15:15:23.645793,0,31,50
23,10,5,50,Laptop,6,33,19,2024-03-21 15:15:23.879734,0,31,50
27,10,5,80,Laptop,6,34,19,2024-03-21 15:15:24.159619,0,35,80
27,10,5,80,Laptop,6,35,19,2024-03-21 15:15:24.439085,0,35,80
29,10,5,80,Laptop,6,35,19,2024-03-21 15:15:24.732410,0,37,80
28,10,5,80,Laptop,7,35,19,2024-03-21 15:15:25.016697,0,36,80
27,10,5,80,Laptop,6,36,19,2024-03-21 15:15:25.296399,0,35,80
28,10,5,80,Laptop,7,36,19,2024-03-21 15:15:25.583444,0,36,80
27,10,5,80,Laptop,6,37,19,2024-03-21 15:15:25.858774,0,35,80
28,10,5,80,Laptop,6,37,19,2024-03-21 15:15:26.145673,0,36,80
28,10,5,80,Laptop,6,37,19,2024-03-21 15:15:26.429706,0,36,80
27,10,5,80,Laptop,6,38,19,2024-03-21 15:15:26.706498,0,35,80
22,10,10,1,Laptop,6,37,19,2024-03-21 15:15:26.928302,0,30,1
21,10,10,1,Laptop,6,37,19,2024-03-21 15:15:27.141180,0,29,1
21,10,10,1,Laptop,7,37,19,2024-03-21 15:15:27.352226,0,29,1
39,10,10,1,Laptop,6,31,19,2024-03-21 15:15:27.750877,0,47,1
21,10,10,1,Laptop,6,31,19,2024-03-21 15:15:27.963152,0,29,1
21,10,10,1,Laptop,6,31,19,2024-03-21 15:15:28.175264,0,29,1
21,10,10,1,Laptop,7,31,19,2024-03-21 15:15:28.388424,0,29,1
21,10,10,1,Laptop,6,31,19,2024-03-21 15:15:28.603250,0,29,1
21,10,10,1,Laptop,7,31,19,2024-03-21 15:15:28.815992,0,29,1
21,10,10,1,Laptop,6,31,19,2024-03-21 15:15:29.028935,0,29,1
21,10,10,10,Laptop,6,31,19,2024-03-21 15:15:29.244605,0,29,10
21,10,10,10,Laptop,6,31,19,2024-03-21 15:15:29.457331,0,29,10
21,10,10,10,Laptop,6,31,19,2024-03-21 15:15:29.670746,0,29,10
21,10,10,10,Laptop,6,31,19,2024-03-21 15:15:29.889028,0,29,10
21,10,10,10,Laptop,6,31,19,2024-03-21 15:15:30.108998,0,29,10
21,10,10,10,Laptop,6,31,19,2024-03-21 15:15:30.326249,0,29,10
21,10,10,10,Laptop,6,31,19,2024-03-21 15:15:30.540523,0,29,10
21,10,10,10,Laptop,6,31,19,2024-03-21 15:15:30.755639,0,29,10
21,10,10,10,Laptop,6,31,19,2024-03-21 15:15:30.970240,0,29,10
21,10,10,10,Laptop,6,31,19,2024-03-21 15:15:31.184516,0,29,10
21,10,10,20,Laptop,6,31,19,2024-03-21 15:15:31.398257,0,29,20
21,10,10,20,Laptop,6,31,19,2024-03-21 15:15:31.613269,0,29,20
21,10,10,20,Laptop,6,31,19,2024-03-21 15:15:31.829299,0,29,20
21,10,10,20,Laptop,6,31,19,2024-03-21 15:15:32.045835,0,29,20
21,10,10,20,Laptop,6,31,19,2024-03-21 15:15:32.263786,0,29,20
21,10,10,20,Laptop,6,31,19,2024-03-21 15:15:32.477752,0,29,20
21,10,10,20,Laptop,6,31,19,2024-03-21 15:15:32.695946,0,29,20
22,10,10,20,Laptop,6,31,19,2024-03-21 15:15:32.922686,0,30,20
21,10,10,20,Laptop,6,31,19,2024-03-21 15:15:33.141998,0,29,20
22,10,10,20,Laptop,6,31,19,2024-03-21 15:15:33.362545,0,30,20
25,10,10,50,Laptop,6,32,19,2024-03-21 15:15:33.613146,0,33,50
24,10,10,50,Laptop,6,32,19,2024-03-21 15:15:33.861447,0,32,50
25,10,10,50,Laptop,6,32,19,2024-03-21 15:15:34.116332,0,33,50
25,10,10,50,Laptop,6,32,19,2024-03-21 15:15:34.370365,0,33,50
24,10,10,50,Laptop,6,33,19,2024-03-21 15:15:34.617200,0,32,50
25,10,10,50,Laptop,6,33,19,2024-03-21 15:15:34.870378,0,33,50
25,10,10,50,Laptop,7,33,19,2024-03-21 15:15:35.126017,0,33,50
25,10,10,50,Laptop,6,33,19,2024-03-21 15:15:35.382952,0,33,50
25,10,10,50,Laptop,6,33,19,2024-03-21 15:15:35.636261,0,33,50
24,10,10,50,Laptop,6,33,19,2024-03-21 15:15:35.882781,0,32,50
30,10,10,80,Laptop,6,34,19,2024-03-21 15:15:36.186422,0,38,80
30,10,10,80,Laptop,6,34,19,2024-03-21 15:15:36.494671,0,38,80
29,10,10,80,Laptop,6,34,19,2024-03-21 15:15:36.793720,0,37,80
47,10,10,80,Laptop,6,32,19,2024-03-21 15:15:37.269230,0,55,80
29,10,10,80,Laptop,6,33,19,2024-03-21 15:15:37.562483,0,37,80
29,10,10,80,Laptop,6,34,19,2024-03-21 15:15:37.855021,0,37,80
30,10,10,80,Laptop,7,34,19,2024-03-21 15:15:38.161732,0,38,80
31,10,10,80,Laptop,6,34,19,2024-03-21 15:15:38.475943,0,39,80
29,10,10,80,Laptop,6,34,19,2024-03-21 15:15:38.773827,0,37,80
30,10,10,80,Laptop,7,34,19,2024-03-21 15:15:39.080895,0,38,80
24,10,20,1,Laptop,6,34,19,2024-03-21 15:15:39.323545,0,32,1
24,10,20,1,Laptop,6,34,19,2024-03-21 15:15:39.566154,0,32,1
24,10,20,1,Laptop,6,34,19,2024-03-21 15:15:39.810233,0,32,1
25,10,20,1,Laptop,7,34,19,2024-03-21 15:15:40.068292,0,33,1
25,10,20,1,Laptop,6,34,19,2024-03-21 15:15:40.320185,0,33,1
24,10,20,1,Laptop,6,34,19,2024-03-21 15:15:40.570456,0,32,1
24,10,20,1,Laptop,6,34,19,2024-03-21 15:15:40.816296,0,32,1
24,10,20,1,Laptop,7,34,19,2024-03-21 15:15:41.063874,0,32,1
24,10,20,1,Laptop,6,34,19,2024-03-21 15:15:41.312305,0,32,1
25,10,20,1,Laptop,6,34,19,2024-03-21 15:15:41.563763,0,33,1
24,10,20,10,Laptop,6,34,19,2024-03-21 15:15:41.810007,0,32,10
24,10,20,10,Laptop,7,34,19,2024-03-21 15:15:42.056390,0,32,10
24,10,20,10,Laptop,6,34,19,2024-03-21 15:15:42.303632,0,32,10
24,10,20,10,Laptop,6,34,19,2024-03-21 15:15:42.548116,0,32,10
24,10,20,10,Laptop,7,34,19,2024-03-21 15:15:42.795962,0,32,10
24,10,20,10,Laptop,7,34,19,2024-03-21 15:15:43.045131,0,32,10
25,10,20,10,Laptop,7,34,19,2024-03-21 15:15:43.298048,0,33,10
25,10,20,10,Laptop,7,34,19,2024-03-21 15:15:43.554626,0,33,10
25,10,20,10,Laptop,8,34,19,2024-03-21 15:15:43.811837,0,33,10
27,10,20,10,Laptop,8,34,19,2024-03-21 15:15:44.082690,0,35,10
26,10,20,20,Laptop,6,34,19,2024-03-21 15:15:44.346815,0,34,20
26,10,20,20,Laptop,8,34,19,2024-03-21 15:15:44.609869,0,34,20
27,10,20,20,Laptop,7,34,19,2024-03-21 15:15:44.881220,0,35,20
27,10,20,20,Laptop,7,34,19,2024-03-21 15:15:45.152342,0,35,20
27,10,20,20,Laptop,7,35,19,2024-03-21 15:15:45.428561,0,35,20
28,10,20,20,Laptop,9,35,19,2024-03-21 15:15:45.714844,0,36,20
32,10,20,20,Laptop,15,35,19,2024-03-21 15:15:46.042095,0,40,20
53,10,20,20,Laptop,44,35,21,2024-03-21 15:15:46.575923,0,61,20
74,10,20,20,Laptop,46,35,22,2024-03-21 15:15:47.318408,0,82,20
44,10,20,20,Laptop,11,35,19,2024-03-21 15:15:47.761838,0,52,20
34,10,20,50,Laptop,7,35,19,2024-03-21 15:15:48.109136,0,42,50
32,10,20,50,Laptop,6,35,19,2024-03-21 15:15:48.435169,0,40,50
31,10,20,50,Laptop,11,36,19,2024-03-21 15:15:48.753956,0,39,50
40,10,20,50,Laptop,15,36,19,2024-03-21 15:15:49.156970,0,48,50
75,10,20,50,Laptop,16,32,19,2024-03-21 15:15:49.909911,0,83,50
53,10,20,50,Laptop,24,32,20,2024-03-21 15:15:50.442605,0,61,50
47,10,20,50,Laptop,10,32,19,2024-03-21 15:15:50.919343,0,55,50
36,10,20,50,Laptop,14,33,19,2024-03-21 15:15:51.287916,0,44,50
49,10,20,50,Laptop,15,33,19,2024-03-21 15:15:51.780337,0,57,50
38,10,20,50,Laptop,10,33,19,2024-03-21 15:15:52.170150,0,46,50
57,10,20,80,Laptop,20,34,20,2024-03-21 15:15:52.747590,0,65,80
69,10,20,80,Laptop,24,35,20,2024-03-21 15:15:53.448379,0,77,80
63,10,20,80,Laptop,17,35,19,2024-03-21 15:15:54.080187,0,71,80
50,10,20,80,Laptop,11,35,19,2024-03-21 15:15:54.590663,0,58,80
56,10,20,80,Laptop,16,36,19,2024-03-21 15:15:55.158272,0,64,80
59,10,20,80,Laptop,16,36,19,2024-03-21 15:15:55.757580,0,67,80
54,10,20,80,Laptop,18,37,20,2024-03-21 15:15:56.299432,0,62,80
59,10,20,80,Laptop,17,38,19,2024-03-21 15:15:56.894649,0,67,80
42,10,20,80,Laptop,6,38,19,2024-03-21 15:15:57.317734,0,50,80
34,10,20,80,Laptop,6,38,19,2024-03-21 15:15:57.665052,0,42,80
27,10,30,1,Laptop,6,38,19,2024-03-21 15:15:57.938807,0,35,1
28,10,30,1,Laptop,7,38,19,2024-03-21 15:15:58.223186,0,36,1
28,10,30,1,Laptop,7,38,19,2024-03-21 15:15:58.504897,0,36,1
28,10,30,1,Laptop,7,38,19,2024-03-21 15:15:58.785468,0,36,1
28,10,30,1,Laptop,7,38,19,2024-03-21 15:15:59.068995,0,36,1
28,10,30,1,Laptop,6,38,19,2024-03-21 15:15:59.350359,0,36,1
28,10,30,1,Laptop,6,38,19,2024-03-21 15:15:59.631085,0,36,1
27,10,30,1,Laptop,6,38,19,2024-03-21 15:15:59.907293,0,35,1
27,10,30,1,Laptop,6,38,19,2024-03-21 15:16:00.182020,0,35,1
28,10,30,1,Laptop,6,38,19,2024-03-21 15:16:00.465601,0,36,1
28,10,30,10,Laptop,7,38,19,2024-03-21 15:16:00.749453,0,36,10
28,10,30,10,Laptop,7,38,19,2024-03-21 15:16:01.031526,0,36,10
40,10,30,10,Laptop,15,38,19,2024-03-21 15:16:01.435289,0,48,10
49,10,30,10,Laptop,20,38,20,2024-03-21 15:16:01.928351,0,57,10
49,10,30,10,Laptop,17,38,19,2024-03-21 15:16:02.425041,0,57,10
48,10,30,10,Laptop,13,38,19,2024-03-21 15:16:02.911978,0,56,10
36,10,30,10,Laptop,7,38,19,2024-03-21 15:16:03.276596,0,44,10
32,10,30,10,Laptop,6,38,19,2024-03-21 15:16:03.599589,0,40,10
30,10,30,10,Laptop,6,38,19,2024-03-21 15:16:03.901969,0,38,10
28,10,30,10,Laptop,7,38,19,2024-03-21 15:16:04.192428,0,36,10
29,10,30,20,Laptop,6,38,19,2024-03-21 15:16:04.483846,0,37,20
30,10,30,20,Laptop,6,38,19,2024-03-21 15:16:04.790108,0,38,20
29,10,30,20,Laptop,7,38,19,2024-03-21 15:16:05.084740,0,37,20
29,10,30,20,Laptop,6,38,19,2024-03-21 15:16:05.384922,0,37,20
49,10,30,20,Laptop,6,32,19,2024-03-21 15:16:05.884560,0,57,20
28,10,30,20,Laptop,8,32,19,2024-03-21 15:16:06.168876,0,36,20
28,10,30,20,Laptop,6,32,19,2024-03-21 15:16:06.451121,0,36,20
28,10,30,20,Laptop,7,32,19,2024-03-21 15:16:06.732006,0,36,20
28,10,30,20,Laptop,7,32,19,2024-03-21 15:16:07.013956,0,36,20
28,10,30,20,Laptop,7,32,19,2024-03-21 15:16:07.303468,0,36,20
31,10,30,50,Laptop,7,32,19,2024-03-21 15:16:07.620380,0,39,50
31,10,30,50,Laptop,7,32,19,2024-03-21 15:16:07.936069,0,39,50
32,10,30,50,Laptop,7,32,19,2024-03-21 15:16:08.257289,0,40,50
32,10,30,50,Laptop,7,33,19,2024-03-21 15:16:08.583748,0,40,50
42,10,30,50,Laptop,18,33,20,2024-03-21 15:16:09.009640,0,50,50
65,10,30,50,Laptop,21,33,20,2024-03-21 15:16:09.663333,0,73,50
69,10,30,50,Laptop,21,33,20,2024-03-21 15:16:10.354340,0,77,50
64,10,30,50,Laptop,19,34,20,2024-03-21 15:16:11.002058,0,72,50
47,10,30,50,Laptop,11,34,19,2024-03-21 15:16:11.482527,0,55,50
35,10,30,50,Laptop,6,34,19,2024-03-21 15:16:11.842079,0,43,50
39,10,30,80,Laptop,8,35,19,2024-03-21 15:16:12.234254,0,47,80
39,10,30,80,Laptop,7,35,19,2024-03-21 15:16:12.629271,0,47,80
38,10,30,80,Laptop,8,35,19,2024-03-21 15:16:13.019410,0,46,80
41,10,30,80,Laptop,7,35,19,2024-03-21 15:16:13.429954,0,49,80
39,10,30,80,Laptop,7,35,19,2024-03-21 15:16:13.829793,0,47,80
37,10,30,80,Laptop,6,36,19,2024-03-21 15:16:14.205088,0,45,80
38,10,30,80,Laptop,6,36,19,2024-03-21 15:16:14.586075,0,46,80
38,10,30,80,Laptop,6,36,19,2024-03-21 15:16:14.970872,0,46,80
36,10,30,80,Laptop,6,37,19,2024-03-21 15:16:15.340301,0,44,80
38,10,30,80,Laptop,6,37,19,2024-03-21 15:16:15.721533,0,46,80
19,50,5,1,Laptop,6,37,19,2024-03-21 15:16:15.982956,0,27,1
20,50,5,1,Laptop,6,37,19,2024-03-21 15:16:16.183716,0,28,1
19,50,5,1,Laptop,6,37,19,2024-03-21 15:16:16.381224,0,27,1
19,50,5,1,Laptop,6,37,19,2024-03-21 15:16:16.580037,0,27,1
19,50,5,1,Laptop,6,37,19,2024-03-21 15:16:16.780152,0,27,1
19,50,5,1,Laptop,6,37,19,2024-03-21 15:16:16.978310,0,27,1
19,50,5,1,Laptop,6,37,19,2024-03-21 15:16:17.177169,0,27,1
19,50,5,1,Laptop,6,37,19,2024-03-21 15:16:17.372734,0,27,1
19,50,5,1,Laptop,7,37,19,2024-03-21 15:16:17.567393,0,27,1
19,50,5,1,Laptop,6,37,19,2024-03-21 15:16:17.763566,0,27,1
19,50,5,10,Laptop,7,37,19,2024-03-21 15:16:17.960006,0,27,10
19,50,5,10,Laptop,6,37,19,2024-03-21 15:16:18.157747,0,27,10
19,50,5,10,Laptop,7,37,19,2024-03-21 15:16:18.356506,0,27,10
19,50,5,10,Laptop,6,37,19,2024-03-21 15:16:18.550523,0,27,10
37,50,5,10,Laptop,6,32,19,2024-03-21 15:16:18.930888,0,45,10
19,50,5,10,Laptop,7,32,19,2024-03-21 15:16:19.129838,0,27,10
19,50,5,10,Laptop,7,32,19,2024-03-21 15:16:19.326605,0,27,10
20,50,5,10,Laptop,7,32,19,2024-03-21 15:16:19.529854,0,28,10
20,50,5,10,Laptop,7,32,19,2024-03-21 15:16:19.736477,0,28,10
19,50,5,10,Laptop,6,32,19,2024-03-21 15:16:19.936033,0,27,10
20,50,5,20,Laptop,6,32,19,2024-03-21 15:16:20.137738,0,28,20
22,50,5,20,Laptop,15,32,19,2024-03-21 15:16:20.368313,0,30,20
32,50,5,20,Laptop,14,32,19,2024-03-21 15:16:20.692959,0,40,20
35,50,5,20,Laptop,20,32,20,2024-03-21 15:16:21.044795,0,43,20
32,50,5,20,Laptop,7,32,19,2024-03-21 15:16:21.368492,0,40,20
24,50,5,20,Laptop,6,32,19,2024-03-21 15:16:21.612802,0,32,20
21,50,5,20,Laptop,6,32,19,2024-03-21 15:16:21.832493,0,29,20
21,50,5,20,Laptop,6,32,19,2024-03-21 15:16:22.046153,0,29,20
22,50,5,20,Laptop,12,32,19,2024-03-21 15:16:22.271647,0,30,20
29,50,5,20,Laptop,15,32,19,2024-03-21 15:16:22.562590,0,37,20
29,50,5,50,Laptop,6,32,19,2024-03-21 15:16:22.861038,0,37,50
25,50,5,50,Laptop,7,33,19,2024-03-21 15:16:23.120457,0,33,50
24,50,5,50,Laptop,6,33,19,2024-03-21 15:16:23.368030,0,32,50
23,50,5,50,Laptop,6,33,19,2024-03-21 15:16:23.604258,0,31,50
23,50,5,50,Laptop,6,33,19,2024-03-21 15:16:23.835652,0,31,50
23,50,5,50,Laptop,6,33,19,2024-03-21 15:16:24.071102,0,31,50
23,50,5,50,Laptop,10,33,19,2024-03-21 15:16:24.309317,0,31,50
33,50,5,50,Laptop,16,34,19,2024-03-21 15:16:24.646897,0,41,50
31,50,5,50,Laptop,12,34,19,2024-03-21 15:16:24.967249,0,39,50
35,50,5,50,Laptop,12,34,19,2024-03-21 15:16:25.326983,0,43,50
43,50,5,80,Laptop,14,34,19,2024-03-21 15:16:25.763912,0,51,80
42,50,5,80,Laptop,15,35,19,2024-03-21 15:16:26.189875,0,50,80
42,50,5,80,Laptop,15,36,19,2024-03-21 15:16:26.611558,0,50,80
46,50,5,80,Laptop,15,36,19,2024-03-21 15:16:27.080408,0,54,80
45,50,5,80,Laptop,15,37,19,2024-03-21 15:16:27.538135,0,53,80
40,50,5,80,Laptop,7,37,19,2024-03-21 15:16:27.939190,0,48,80
35,50,5,80,Laptop,12,37,19,2024-03-21 15:16:28.292699,0,43,80
41,50,5,80,Laptop,11,38,19,2024-03-21 15:16:28.706429,0,49,80
35,50,5,80,Laptop,12,38,19,2024-03-21 15:16:29.064884,0,43,80
74,50,5,80,Laptop,41,38,21,2024-03-21 15:16:29.811271,0,82,80
42,50,10,1,Laptop,18,38,20,2024-03-21 15:16:30.236164,0,50,1
35,50,10,1,Laptop,18,38,20,2024-03-21 15:16:30.593187,0,43,1
30,50,10,1,Laptop,9,38,19,2024-03-21 15:16:30.901573,0,38,1
36,50,10,1,Laptop,18,38,20,2024-03-21 15:16:31.264454,0,44,1
68,50,10,1,Laptop,14,32,19,2024-03-21 15:16:31.954139,0,76,1
32,50,10,1,Laptop,12,32,19,2024-03-21 15:16:32.277382,0,40,1
26,50,10,1,Laptop,6,32,19,2024-03-21 15:16:32.542891,0,34,1
24,50,10,1,Laptop,7,32,19,2024-03-21 15:16:32.783794,0,32,1
23,50,10,1,Laptop,7,32,19,2024-03-21 15:16:33.015930,0,31,1
21,50,10,1,Laptop,6,32,19,2024-03-21 15:16:33.234871,0,29,1
22,50,10,10,Laptop,7,32,19,2024-03-21 15:16:33.459835,0,30,10
22,50,10,10,Laptop,6,32,19,2024-03-21 15:16:33.682987,0,30,10
22,50,10,10,Laptop,6,31,19,2024-03-21 15:16:33.906637,0,30,10
22,50,10,10,Laptop,6,31,19,2024-03-21 15:16:34.133199,0,30,10
22,50,10,10,Laptop,7,31,19,2024-03-21 15:16:34.355569,0,30,10
22,50,10,10,Laptop,6,31,19,2024-03-21 15:16:34.579311,0,30,10
22,50,10,10,Laptop,7,31,19,2024-03-21 15:16:34.800845,0,30,10
22,50,10,10,Laptop,8,31,19,2024-03-21 15:16:35.026056,0,30,10
22,50,10,10,Laptop,7,31,19,2024-03-21 15:16:35.247214,0,30,10
22,50,10,10,Laptop,7,31,19,2024-03-21 15:16:35.469546,0,30,10
21,50,10,20,Laptop,6,31,19,2024-03-21 15:16:35.685799,0,29,20
21,50,10,20,Laptop,6,31,19,2024-03-21 15:16:35.904082,0,29,20
21,50,10,20,Laptop,8,31,19,2024-03-21 15:16:36.123749,0,29,20
22,50,10,20,Laptop,10,31,19,2024-03-21 15:16:36.346088,0,30,20
23,50,10,20,Laptop,7,31,19,2024-03-21 15:16:36.577763,0,31,20
22,50,10,20,Laptop,6,31,19,2024-03-21 15:16:36.800806,0,30,20
22,50,10,20,Laptop,6,31,19,2024-03-21 15:16:37.024144,0,30,20
22,50,10,20,Laptop,6,31,19,2024-03-21 15:16:37.246141,0,30,20
22,50,10,20,Laptop,6,32,19,2024-03-21 15:16:37.472507,0,30,20
21,50,10,20,Laptop,6,32,19,2024-03-21 15:16:37.689564,0,29,20
26,50,10,50,Laptop,6,32,19,2024-03-21 15:16:37.959402,0,34,50
25,50,10,50,Laptop,7,32,19,2024-03-21 15:16:38.215008,0,33,50
26,50,10,50,Laptop,8,32,19,2024-03-21 15:16:38.478268,0,34,50
26,50,10,50,Laptop,7,32,19,2024-03-21 15:16:38.740576,0,34,50
25,50,10,50,Laptop,8,33,19,2024-03-21 15:16:38.998645,0,33,50
26,50,10,50,Laptop,8,33,19,2024-03-21 15:16:39.260013,0,34,50
26,50,10,50,Laptop,8,33,19,2024-03-21 15:16:39.525058,0,34,50
28,50,10,50,Laptop,17,34,19,2024-03-21 15:16:39.812943,0,36,50
32,50,10,50,Laptop,13,34,19,2024-03-21 15:16:40.140924,0,40,50
31,50,10,50,Laptop,11,34,19,2024-03-21 15:16:40.457597,0,39,50
42,50,10,80,Laptop,16,34,19,2024-03-21 15:16:40.886334,0,50,80
45,50,10,80,Laptop,16,34,19,2024-03-21 15:16:41.346411,0,53,80
41,50,10,80,Laptop,9,34,19,2024-03-21 15:16:41.761369,0,49,80
35,50,10,80,Laptop,11,35,19,2024-03-21 15:16:42.115479,0,43,80
66,50,10,80,Laptop,16,32,19,2024-03-21 15:16:42.777823,0,74,80
38,50,10,80,Laptop,8,33,19,2024-03-21 15:16:43.165110,0,46,80
35,50,10,80,Laptop,9,34,19,2024-03-21 15:16:43.519406,0,43,80
35,50,10,80,Laptop,10,34,19,2024-03-21 15:16:43.870941,0,43,80
35,50,10,80,Laptop,8,34,19,2024-03-21 15:16:44.228341,0,43,80
33,50,10,80,Laptop,13,35,19,2024-03-21 15:16:44.568854,0,41,80
33,50,20,1,Laptop,11,34,19,2024-03-21 15:16:44.901304,0,41,1
28,50,20,1,Laptop,6,34,19,2024-03-21 15:16:45.187492,0,36,1
26,50,20,1,Laptop,10,34,19,2024-03-21 15:16:45.457947,0,34,1
29,50,20,1,Laptop,9,34,19,2024-03-21 15:16:45.748588,0,37,1
26,50,20,1,Laptop,6,34,19,2024-03-21 15:16:46.015971,0,34,1
26,50,20,1,Laptop,7,33,19,2024-03-21 15:16:46.276886,0,34,1
25,50,20,1,Laptop,7,33,19,2024-03-21 15:16:46.535207,0,33,1
26,50,20,1,Laptop,8,33,19,2024-03-21 15:16:46.804452,0,34,1
25,50,20,1,Laptop,6,33,19,2024-03-21 15:16:47.064320,0,33,1
25,50,20,1,Laptop,7,33,19,2024-03-21 15:16:47.322152,0,33,1
25,50,20,10,Laptop,6,33,19,2024-03-21 15:16:47.577738,0,33,10
25,50,20,10,Laptop,6,33,19,2024-03-21 15:16:47.828837,0,33,10
24,50,20,10,Laptop,6,33,19,2024-03-21 15:16:48.075525,0,32,10
25,50,20,10,Laptop,6,33,19,2024-03-21 15:16:48.326171,0,33,10
27,50,20,10,Laptop,13,33,19,2024-03-21 15:16:48.597809,0,35,10
28,50,20,10,Laptop,10,33,19,2024-03-21 15:16:48.883228,0,36,10
28,50,20,10,Laptop,7,33,19,2024-03-21 15:16:49.167436,0,36,10
27,50,20,10,Laptop,7,33,19,2024-03-21 15:16:49.439128,0,35,10
26,50,20,10,Laptop,6,33,19,2024-03-21 15:16:49.702494,0,34,10
25,50,20,10,Laptop,6,33,19,2024-03-21 15:16:49.960353,0,33,10
25,50,20,20,Laptop,6,33,19,2024-03-21 15:16:50.214300,0,33,20
26,50,20,20,Laptop,7,33,19,2024-03-21 15:16:50.474970,0,34,20
25,50,20,20,Laptop,6,33,19,2024-03-21 15:16:50.727586,0,33,20
25,50,20,20,Laptop,6,33,19,2024-03-21 15:16:50.987370,0,33,20
25,50,20,20,Laptop,7,33,19,2024-03-21 15:16:51.246858,0,33,20
26,50,20,20,Laptop,6,34,19,2024-03-21 15:16:51.510418,0,34,20
26,50,20,20,Laptop,6,34,19,2024-03-21 15:16:51.773984,0,34,20
26,50,20,20,Laptop,6,34,19,2024-03-21 15:16:52.039938,0,34,20
26,50,20,20,Laptop,6,34,19,2024-03-21 15:16:52.303827,0,34,20
28,50,20,20,Laptop,12,34,19,2024-03-21 15:16:52.594239,0,36,20
30,50,20,50,Laptop,6,34,19,2024-03-21 15:16:52.902537,0,38,50
35,50,20,50,Laptop,14,34,19,2024-03-21 15:16:53.254678,0,43,50
32,50,20,50,Laptop,8,34,19,2024-03-21 15:16:53.584655,0,40,50
32,50,20,50,Laptop,14,35,19,2024-03-21 15:16:53.910377,0,40,50
35,50,20,50,Laptop,11,35,19,2024-03-21 15:16:54.261935,0,43,50
71,50,20,50,Laptop,22,32,20,2024-03-21 15:16:54.981893,0,79,50
47,50,20,50,Laptop,21,32,20,2024-03-21 15:16:55.462518,0,55,50
49,50,20,50,Laptop,27,32,20,2024-03-21 15:16:55.959755,0,57,50
50,50,20,50,Laptop,23,33,20,2024-03-21 15:16:56.468363,0,58,50
47,50,20,50,Laptop,19,33,20,2024-03-21 15:16:56.942832,0,55,50
58,50,20,80,Laptop,24,34,20,2024-03-21 15:16:57.527555,0,66,80
62,50,20,80,Laptop,20,34,20,2024-03-21 15:16:58.155928,0,70,80
47,50,20,80,Laptop,10,35,19,2024-03-21 15:16:58.627742,0,55,80
39,50,20,80,Laptop,6,35,19,2024-03-21 15:16:59.019650,0,47,80
34,50,20,80,Laptop,6,36,19,2024-03-21 15:16:59.366147,0,42,80
35,50,20,80,Laptop,10,36,19,2024-03-21 15:16:59.723608,0,43,80
36,50,20,80,Laptop,7,36,19,2024-03-21 15:17:00.088472,0,44,80
36,50,20,80,Laptop,8,36,19,2024-03-21 15:17:00.456360,0,44,80
35,50,20,80,Laptop,7,37,19,2024-03-21 15:17:00.807033,0,43,80
35,50,20,80,Laptop,8,37,19,2024-03-21 15:17:01.163973,0,43,80
30,50,30,1,Laptop,7,37,19,2024-03-21 15:17:01.469688,0,38,1
29,50,30,1,Laptop,7,37,19,2024-03-21 15:17:01.767676,0,37,1
32,50,30,1,Laptop,10,37,19,2024-03-21 15:17:02.089551,0,40,1
33,50,30,1,Laptop,13,37,19,2024-03-21 15:17:02.421810,0,41,1
36,50,30,1,Laptop,13,37,19,2024-03-21 15:17:02.791158,0,44,1
32,50,30,1,Laptop,6,37,19,2024-03-21 15:17:03.120471,0,40,1
31,50,30,1,Laptop,9,37,19,2024-03-21 15:17:03.434101,0,39,1
29,50,30,1,Laptop,6,37,19,2024-03-21 15:17:03.729974,0,37,1
29,50,30,1,Laptop,7,37,19,2024-03-21 15:17:04.020828,0,37,1
29,50,30,1,Laptop,8,37,19,2024-03-21 15:17:04.315244,0,37,1
29,50,30,10,Laptop,7,37,19,2024-03-21 15:17:04.606305,0,37,10
30,50,30,10,Laptop,8,37,19,2024-03-21 15:17:04.908470,0,38,10
29,50,30,10,Laptop,7,37,19,2024-03-21 15:17:05.205021,0,37,10
29,50,30,10,Laptop,8,37,19,2024-03-21 15:17:05.498233,0,37,10
30,50,30,10,Laptop,7,37,19,2024-03-21 15:17:05.803785,0,38,10
29,50,30,10,Laptop,7,37,19,2024-03-21 15:17:06.101111,0,37,10
30,50,30,10,Laptop,7,37,19,2024-03-21 15:17:06.409879,0,38,10
30,50,30,10,Laptop,7,37,19,2024-03-21 15:17:06.720351,0,38,10
30,50,30,10,Laptop,8,37,19,2024-03-21 15:17:07.027057,0,38,10
30,50,30,10,Laptop,7,37,19,2024-03-21 15:17:07.329058,0,38,10
28,50,30,20,Laptop,6,37,19,2024-03-21 15:17:07.619161,0,36,20
29,50,30,20,Laptop,6,37,19,2024-03-21 15:17:07.912438,0,37,20
31,50,30,20,Laptop,10,37,19,2024-03-21 15:17:08.223982,0,39,20
32,50,30,20,Laptop,11,37,19,2024-03-21 15:17:08.549438,0,40,20
31,50,30,20,Laptop,7,37,19,2024-03-21 15:17:08.866637,0,39,20
33,50,30,20,Laptop,8,37,19,2024-03-21 15:17:09.198004,0,41,20
30,50,30,20,Laptop,7,37,19,2024-03-21 15:17:09.506301,0,38,20
30,50,30,20,Laptop,6,37,19,2024-03-21 15:17:09.815234,0,38,20
56,50,30,20,Laptop,11,33,19,2024-03-21 15:17:10.381889,0,64,20
30,50,30,20,Laptop,8,33,19,2024-03-21 15:17:10.691994,0,38,20
33,50,30,50,Laptop,7,33,19,2024-03-21 15:17:11.026175,0,41,50
34,50,30,50,Laptop,10,33,19,2024-03-21 15:17:11.370734,0,42,50
34,50,30,50,Laptop,7,34,19,2024-03-21 15:17:11.713269,0,42,50
34,50,30,50,Laptop,8,34,19,2024-03-21 15:17:12.053891,0,42,50
36,50,30,50,Laptop,12,34,19,2024-03-21 15:17:12.414572,0,44,50
39,50,30,50,Laptop,11,34,19,2024-03-21 15:17:12.810586,0,47,50
37,50,30,50,Laptop,7,34,19,2024-03-21 15:17:13.186329,0,45,50
36,50,30,50,Laptop,10,35,19,2024-03-21 15:17:13.556236,0,44,50
36,50,30,50,Laptop,7,35,19,2024-03-21 15:17:13.919970,0,44,50
39,50,30,50,Laptop,15,35,19,2024-03-21 15:17:14.317546,0,47,50
59,50,30,80,Laptop,28,36,20,2024-03-21 15:17:14.916676,0,67,80
95,50,30,80,Laptop,38,37,21,2024-03-21 15:17:15.869961,0,103,80
106,50,30,80,Laptop,29,37,20,2024-03-21 15:17:16.932527,0,114,80
61,50,30,80,Laptop,13,38,19,2024-03-21 15:17:17.545464,0,69,80
54,50,30,80,Laptop,13,39,19,2024-03-21 15:17:18.095555,0,62,80
48,50,30,80,Laptop,11,39,19,2024-03-21 15:17:18.585116,0,56,80
42,50,30,80,Laptop,8,40,19,2024-03-21 15:17:19.015673,0,50,80
40,50,30,80,Laptop,7,40,19,2024-03-21 15:17:19.419665,0,48,80
42,50,30,80,Laptop,11,40,19,2024-03-21 15:17:19.847164,0,50,80
42,50,30,80,Laptop,12,40,19,2024-03-21 15:17:20.272812,0,50,80
22,100,5,1,Laptop,8,40,19,2024-03-21 15:17:20.594483,0,30,1
22,100,5,1,Laptop,9,40,19,2024-03-21 15:17:20.820010,0,30,1
22,100,5,1,Laptop,10,40,19,2024-03-21 15:17:21.042986,0,30,1
21,100,5,1,Laptop,7,40,19,2024-03-21 15:17:21.259166,0,29,1
22,100,5,1,Laptop,11,40,19,2024-03-21 15:17:21.486672,0,30,1
23,100,5,1,Laptop,10,40,19,2024-03-21 15:17:21.722534,0,31,1
23,100,5,1,Laptop,11,40,19,2024-03-21 15:17:21.955765,0,31,1
23,100,5,1,Laptop,11,40,19,2024-03-21 15:17:22.186531,0,31,1
22,100,5,1,Laptop,9,40,19,2024-03-21 15:17:22.411876,0,30,1
23,100,5,1,Laptop,9,40,19,2024-03-21 15:17:22.644325,0,31,1
22,100,5,10,Laptop,8,40,19,2024-03-21 15:17:22.872500,0,30,10
22,100,5,10,Laptop,6,40,19,2024-03-21 15:17:23.100391,0,30,10
22,100,5,10,Laptop,7,40,19,2024-03-21 15:17:23.323090,0,30,10
21,100,5,10,Laptop,6,40,19,2024-03-21 15:17:23.541365,0,29,10
20,100,5,10,Laptop,7,40,19,2024-03-21 15:17:23.750786,0,28,10
20,100,5,10,Laptop,7,40,19,2024-03-21 15:17:23.957720,0,28,10
20,100,5,10,Laptop,6,40,19,2024-03-21 15:17:24.163452,0,28,10
41,100,5,10,Laptop,7,33,19,2024-03-21 15:17:24.574380,0,49,10
21,100,5,10,Laptop,8,33,19,2024-03-21 15:17:24.786588,0,29,10
21,100,5,10,Laptop,8,33,19,2024-03-21 15:17:25.005180,0,29,10
22,100,5,20,Laptop,8,33,19,2024-03-21 15:17:25.227820,0,30,20
23,100,5,20,Laptop,8,33,19,2024-03-21 15:17:25.464584,0,31,20
20,100,5,20,Laptop,6,33,19,2024-03-21 15:17:25.672944,0,28,20
21,100,5,20,Laptop,6,33,19,2024-03-21 15:17:25.883485,0,29,20
21,100,5,20,Laptop,7,33,19,2024-03-21 15:17:26.100795,0,29,20
21,100,5,20,Laptop,7,33,19,2024-03-21 15:17:26.311564,0,29,20
21,100,5,20,Laptop,7,33,19,2024-03-21 15:17:26.522692,0,29,20
21,100,5,20,Laptop,6,33,19,2024-03-21 15:17:26.733905,0,29,20
21,100,5,20,Laptop,10,33,19,2024-03-21 15:17:26.950381,0,29,20
21,100,5,20,Laptop,7,33,19,2024-03-21 15:17:27.169339,0,29,20
25,100,5,50,Laptop,10,34,19,2024-03-21 15:17:27.425188,0,33,50
27,100,5,50,Laptop,7,34,19,2024-03-21 15:17:27.698195,0,35,50
26,100,5,50,Laptop,13,34,19,2024-03-21 15:17:27.968405,0,34,50
32,100,5,50,Laptop,18,34,20,2024-03-21 15:17:28.291494,0,40,50
30,100,5,50,Laptop,9,35,19,2024-03-21 15:17:28.598543,0,38,50
29,100,5,50,Laptop,7,35,19,2024-03-21 15:17:28.891026,0,37,50
26,100,5,50,Laptop,7,35,19,2024-03-21 15:17:29.158907,0,34,50
26,100,5,50,Laptop,6,35,19,2024-03-21 15:17:29.424637,0,34,50
25,100,5,50,Laptop,8,35,19,2024-03-21 15:17:29.685046,0,33,50
27,100,5,50,Laptop,12,35,19,2024-03-21 15:17:29.961375,0,35,50
39,100,5,80,Laptop,18,36,20,2024-03-21 15:17:30.354624,0,47,80
59,100,5,80,Laptop,50,36,22,2024-03-21 15:17:30.953977,0,67,80
84,100,5,80,Laptop,44,37,21,2024-03-21 15:17:31.797741,0,92,80
57,100,5,80,Laptop,23,37,20,2024-03-21 15:17:32.378260,0,65,80
56,100,5,80,Laptop,21,37,20,2024-03-21 15:17:32.941425,0,64,80
40,100,5,80,Laptop,7,38,19,2024-03-21 15:17:33.346532,0,48,80
34,100,5,80,Laptop,6,38,19,2024-03-21 15:17:33.695714,0,42,80
31,100,5,80,Laptop,6,39,19,2024-03-21 15:17:34.010961,0,39,80
30,100,5,80,Laptop,6,39,19,2024-03-21 15:17:34.312138,0,38,80
30,100,5,80,Laptop,6,39,19,2024-03-21 15:17:34.619548,0,38,80
22,100,10,1,Laptop,7,39,19,2024-03-21 15:17:34.841611,0,30,1
21,100,10,1,Laptop,6,39,19,2024-03-21 15:17:35.060581,0,29,1
21,100,10,1,Laptop,7,39,19,2024-03-21 15:17:35.276894,0,29,1
21,100,10,1,Laptop,6,39,19,2024-03-21 15:17:35.490055,0,29,1
22,100,10,1,Laptop,7,39,19,2024-03-21 15:17:35.711868,0,30,1
22,100,10,1,Laptop,7,39,19,2024-03-21 15:17:35.934724,0,30,1
21,100,10,1,Laptop,6,39,19,2024-03-21 15:17:36.150118,0,29,1
22,100,10,1,Laptop,7,39,19,2024-03-21 15:17:36.371898,0,30,1
22,100,10,1,Laptop,7,39,19,2024-03-21 15:17:36.598436,0,30,1
22,100,10,1,Laptop,7,39,19,2024-03-21 15:17:36.822891,0,30,1
22,100,10,10,Laptop,6,39,19,2024-03-21 15:17:37.047149,0,30,10
22,100,10,10,Laptop,6,39,19,2024-03-21 15:17:37.269133,0,30,10
40,100,10,10,Laptop,6,34,19,2024-03-21 15:17:37.673163,0,48,10
21,100,10,10,Laptop,6,34,19,2024-03-21 15:17:37.893155,0,29,10
22,100,10,10,Laptop,7,34,19,2024-03-21 15:17:38.117756,0,30,10
22,100,10,10,Laptop,6,34,19,2024-03-21 15:17:38.339113,0,30,10
21,100,10,10,Laptop,6,34,19,2024-03-21 15:17:38.558420,0,29,10
21,100,10,10,Laptop,6,34,19,2024-03-21 15:17:38.774698,0,29,10
21,100,10,10,Laptop,6,34,19,2024-03-21 15:17:38.988609,0,29,10
21,100,10,10,Laptop,7,34,19,2024-03-21 15:17:39.204615,0,29,10
21,100,10,20,Laptop,6,34,19,2024-03-21 15:17:39.420893,0,29,20
21,100,10,20,Laptop,6,34,19,2024-03-21 15:17:39.636423,0,29,20
21,100,10,20,Laptop,6,34,19,2024-03-21 15:17:39.853733,0,29,20
21,100,10,20,Laptop,7,34,19,2024-03-21 15:17:40.069253,0,29,20
21,100,10,20,Laptop,6,34,19,2024-03-21 15:17:40.285620,0,29,20
22,100,10,20,Laptop,7,34,19,2024-03-21 15:17:40.509242,0,30,20
21,100,10,20,Laptop,6,34,19,2024-03-21 15:17:40.729563,0,29,20
21,100,10,20,Laptop,6,34,19,2024-03-21 15:17:40.946481,0,29,20
22,100,10,20,Laptop,7,34,19,2024-03-21 15:17:41.169688,0,30,20
21,100,10,20,Laptop,6,34,19,2024-03-21 15:17:41.384494,0,29,20
25,100,10,50,Laptop,6,34,19,2024-03-21 15:17:41.638976,0,33,50
25,100,10,50,Laptop,6,34,19,2024-03-21 15:17:41.893060,0,33,50
24,100,10,50,Laptop,6,35,19,2024-03-21 15:17:42.143259,0,32,50
25,100,10,50,Laptop,7,34,19,2024-03-21 15:17:42.401584,0,33,50
30,100,10,50,Laptop,14,35,19,2024-03-21 15:17:42.704104,0,38,50
31,100,10,50,Laptop,7,35,19,2024-03-21 15:17:43.021348,0,39,50
28,100,10,50,Laptop,6,35,19,2024-03-21 15:17:43.303619,0,36,50
26,100,10,50,Laptop,6,35,19,2024-03-21 15:17:43.565314,0,34,50
24,100,10,50,Laptop,6,36,19,2024-03-21 15:17:43.814536,0,32,50
25,100,10,50,Laptop,6,36,19,2024-03-21 15:17:44.068188,0,33,50
29,100,10,80,Laptop,6,36,19,2024-03-21 15:17:44.367729,0,37,80
30,100,10,80,Laptop,6,36,19,2024-03-21 15:17:44.677474,0,38,80
30,100,10,80,Laptop,6,36,19,2024-03-21 15:17:44.985746,0,38,80
29,100,10,80,Laptop,6,37,19,2024-03-21 15:17:45.279036,0,37,80
30,100,10,80,Laptop,6,37,19,2024-03-21 15:17:45.586743,0,38,80
30,100,10,80,Laptop,6,37,19,2024-03-21 15:17:45.890197,0,38,80
29,100,10,80,Laptop,6,38,19,2024-03-21 15:17:46.185270,0,37,80
31,100,10,80,Laptop,6,38,19,2024-03-21 15:17:46.498717,0,39,80
29,100,10,80,Laptop,6,39,19,2024-03-21 15:17:46.798508,0,37,80
29,100,10,80,Laptop,6,39,19,2024-03-21 15:17:47.091500,0,37,80
26,100,20,1,Laptop,7,39,19,2024-03-21 15:17:47.353987,0,34,1
25,100,20,1,Laptop,6,39,19,2024-03-21 15:17:47.613028,0,33,1
43,100,20,1,Laptop,6,34,19,2024-03-21 15:17:48.043911,0,51,1
25,100,20,1,Laptop,7,34,19,2024-03-21 15:17:48.295679,0,33,1
24,100,20,1,Laptop,6,34,19,2024-03-21 15:17:48.544543,0,32,1
24,100,20,1,Laptop,7,34,19,2024-03-21 15:17:48.790785,0,32,1
24,100,20,1,Laptop,6,34,19,2024-03-21 15:17:49.038872,0,32,1
24,100,20,1,Laptop,6,34,19,2024-03-21 15:17:49.285446,0,32,1
24,100,20,1,Laptop,6,34,19,2024-03-21 15:17:49.533763,0,32,1
24,100,20,1,Laptop,6,34,19,2024-03-21 15:17:49.782669,0,32,1
24,100,20,10,Laptop,6,34,19,2024-03-21 15:17:50.030535,0,32,10
24,100,20,10,Laptop,7,34,19,2024-03-21 15:17:50.276056,0,32,10
24,100,20,10,Laptop,6,34,19,2024-03-21 15:17:50.522619,0,32,10
25,100,20,10,Laptop,9,34,19,2024-03-21 15:17:50.777114,0,33,10
27,100,20,10,Laptop,9,34,19,2024-03-21 15:17:51.049433,0,35,10
25,100,20,10,Laptop,6,34,19,2024-03-21 15:17:51.308446,0,33,10
25,100,20,10,Laptop,7,34,19,2024-03-21 15:17:51.559750,0,33,10
24,100,20,10,Laptop,6,34,19,2024-03-21 15:17:51.807685,0,32,10
24,100,20,10,Laptop,6,34,19,2024-03-21 15:17:52.054931,0,32,10
24,100,20,10,Laptop,6,34,19,2024-03-21 15:17:52.300839,0,32,10
25,100,20,20,Laptop,7,34,19,2024-03-21 15:17:52.555227,0,33,20
27,100,20,20,Laptop,12,34,19,2024-03-21 15:17:52.830778,0,35,20
36,100,20,20,Laptop,11,34,19,2024-03-21 15:17:53.193130,0,44,20
34,100,20,20,Laptop,9,34,19,2024-03-21 15:17:53.541579,0,42,20
30,100,20,20,Laptop,6,34,19,2024-03-21 15:17:53.849754,0,38,20
30,100,20,20,Laptop,12,34,19,2024-03-21 15:17:54.156148,0,38,20
39,100,20,20,Laptop,17,34,19,2024-03-21 15:17:54.554566,0,47,20
35,100,20,20,Laptop,7,34,19,2024-03-21 15:17:54.914812,0,43,20
30,100,20,20,Laptop,6,34,19,2024-03-21 15:17:55.215495,0,38,20
27,100,20,20,Laptop,6,34,19,2024-03-21 15:17:55.492674,0,35,20
30,100,20,50,Laptop,6,35,19,2024-03-21 15:17:55.797435,0,38,50
30,100,20,50,Laptop,9,34,19,2024-03-21 15:17:56.108005,0,38,50
42,100,20,50,Laptop,15,35,19,2024-03-21 15:17:56.535847,0,50,50
49,100,20,50,Laptop,17,35,19,2024-03-21 15:17:57.036359,0,57,50
58,100,20,50,Laptop,19,35,20,2024-03-21 15:17:57.627092,0,66,50
53,100,20,50,Laptop,11,35,19,2024-03-21 15:17:58.159794,0,61,50
46,100,20,50,Laptop,16,35,19,2024-03-21 15:17:58.622913,0,54,50
44,100,20,50,Laptop,13,35,19,2024-03-21 15:17:59.070459,0,52,50
42,100,20,50,Laptop,14,36,19,2024-03-21 15:17:59.495933,0,50,50
41,100,20,50,Laptop,8,36,19,2024-03-21 15:17:59.916021,0,49,50
48,100,20,80,Laptop,13,36,19,2024-03-21 15:18:00.398431,0,56,80
43,100,20,80,Laptop,14,37,19,2024-03-21 15:18:00.837848,0,51,80
76,100,20,80,Laptop,15,35,19,2024-03-21 15:18:01.599975,0,84,80
49,100,20,80,Laptop,11,35,19,2024-03-21 15:18:02.098446,0,57,80
40,100,20,80,Laptop,7,36,19,2024-03-21 15:18:02.498972,0,48,80
34,100,20,80,Laptop,6,36,19,2024-03-21 15:18:02.847754,0,42,80
36,100,20,80,Laptop,8,36,19,2024-03-21 15:18:03.212558,0,44,80
35,100,20,80,Laptop,8,37,19,2024-03-21 15:18:03.572000,0,43,80
34,100,20,80,Laptop,6,38,19,2024-03-21 15:18:03.914290,0,42,80
36,100,20,80,Laptop,9,38,19,2024-03-21 15:18:04.276195,0,44,80
28,100,30,1,Laptop,7,38,19,2024-03-21 15:18:04.563946,0,36,1
27,100,30,1,Laptop,6,38,19,2024-03-21 15:18:04.844308,0,35,1
28,100,30,1,Laptop,8,38,19,2024-03-21 15:18:05.133834,0,36,1
31,100,30,1,Laptop,9,38,19,2024-03-21 15:18:05.447826,0,39,1
35,100,30,1,Laptop,16,38,19,2024-03-21 15:18:05.805616,0,43,1
40,100,30,1,Laptop,14,38,19,2024-03-21 15:18:06.206964,0,48,1
42,100,30,1,Laptop,19,38,20,2024-03-21 15:18:06.635071,0,50,1
40,100,30,1,Laptop,8,38,19,2024-03-21 15:18:07.045481,0,48,1
34,100,30,1,Laptop,11,38,19,2024-03-21 15:18:07.394724,0,42,1
31,100,30,1,Laptop,7,38,19,2024-03-21 15:18:07.708775,0,39,1
32,100,30,10,Laptop,11,38,19,2024-03-21 15:18:08.030226,0,40,10
32,100,30,10,Laptop,7,38,19,2024-03-21 15:18:08.352139,0,40,10
31,100,30,10,Laptop,9,38,19,2024-03-21 15:18:08.671883,0,39,10
36,100,30,10,Laptop,13,38,19,2024-03-21 15:18:09.039747,0,44,10
32,100,30,10,Laptop,6,38,19,2024-03-21 15:18:09.363922,0,40,10
30,100,30,10,Laptop,6,38,19,2024-03-21 15:18:09.669949,0,38,10
29,100,30,10,Laptop,6,38,19,2024-03-21 15:18:09.963485,0,37,10
28,100,30,10,Laptop,7,38,19,2024-03-21 15:18:10.251245,0,36,10
28,100,30,10,Laptop,6,38,19,2024-03-21 15:18:10.537360,0,36,10
28,100,30,10,Laptop,7,38,19,2024-03-21 15:18:10.827703,0,36,10
29,100,30,20,Laptop,6,38,19,2024-03-21 15:18:11.122084,0,37,20
29,100,30,20,Laptop,6,38,19,2024-03-21 15:18:11.416094,0,37,20
29,100,30,20,Laptop,6,38,19,2024-03-21 15:18:11.711559,0,37,20
28,100,30,20,Laptop,6,38,19,2024-03-21 15:18:11.996884,0,36,20
28,100,30,20,Laptop,6,38,19,2024-03-21 15:18:12.280960,0,36,20
29,100,30,20,Laptop,6,38,19,2024-03-21 15:18:12.576564,0,37,20
29,100,30,20,Laptop,6,38,19,2024-03-21 15:18:12.869973,0,37,20
30,100,30,20,Laptop,6,38,19,2024-03-21 15:18:13.174536,0,38,20
29,100,30,20,Laptop,7,38,19,2024-03-21 15:18:13.470129,0,37,20
30,100,30,20,Laptop,6,38,19,2024-03-21 15:18:13.770913,0,38,20
33,100,30,50,Laptop,6,39,19,2024-03-21 15:18:14.105507,0,41,50
32,100,30,50,Laptop,6,39,19,2024-03-21 15:18:14.431148,0,40,50
49,100,30,50,Laptop,7,34,19,2024-03-21 15:18:14.922330,0,57,50
35,100,30,50,Laptop,8,34,19,2024-03-21 15:18:15.273161,0,43,50
32,100,30,50,Laptop,6,34,19,2024-03-21 15:18:15.596730,0,40,50
31,100,30,50,Laptop,6,34,19,2024-03-21 15:18:15.912651,0,39,50
31,100,30,50,Laptop,6,34,19,2024-03-21 15:18:16.231372,0,39,50
31,100,30,50,Laptop,6,35,19,2024-03-21 15:18:16.545479,0,39,50
31,100,30,50,Laptop,7,35,19,2024-03-21 15:18:16.857298,0,39,50
31,100,30,50,Laptop,6,35,19,2024-03-21 15:18:17.171863,0,39,50
37,100,30,80,Laptop,7,36,19,2024-03-21 15:18:17.548158,0,45,80
38,100,30,80,Laptop,7,36,19,2024-03-21 15:18:17.929780,0,46,80
38,100,30,80,Laptop,6,36,19,2024-03-21 15:18:18.318607,0,46,80
36,100,30,80,Laptop,7,37,19,2024-03-21 15:18:18.686857,0,44,80
37,100,30,80,Laptop,6,38,19,2024-03-21 15:18:19.058589,0,45,80
38,100,30,80,Laptop,7,38,19,2024-03-21 15:18:19.445376,0,46,80
36,100,30,80,Laptop,7,39,19,2024-03-21 15:18:19.815149,0,44,80
37,100,30,80,Laptop,6,39,19,2024-03-21 15:18:20.186128,0,45,80
36,100,30,80,Laptop,6,39,19,2024-03-21 15:18:20.554085,0,44,80
35,100,30,80,Laptop,7,39,19,2024-03-21 15:18:20.913660,0,43,80
19,200,5,1,Laptop,6,39,19,2024-03-21 15:18:21.185686,0,27,1
19,200,5,1,Laptop,6,39,19,2024-03-21 15:18:21.380972,0,27,1
19,200,5,1,Laptop,7,39,19,2024-03-21 15:18:21.576846,0,27,1
19,200,5,1,Laptop,6,39,19,2024-03-21 15:18:21.775449,0,27,1
19,200,5,1,Laptop,6,39,19,2024-03-21 15:18:21.974464,0,27,1
19,200,5,1,Laptop,6,39,19,2024-03-21 15:18:22.174777,0,27,1
19,200,5,1,Laptop,6,39,19,2024-03-21 15:18:22.371004,0,27,1
20,200,5,1,Laptop,6,39,19,2024-03-21 15:18:22.571471,0,28,1
19,200,5,1,Laptop,7,39,19,2024-03-21 15:18:22.768967,0,27,1
19,200,5,1,Laptop,6,39,19,2024-03-21 15:18:22.967871,0,27,1
19,200,5,10,Laptop,6,39,19,2024-03-21 15:18:23.167475,0,27,10
19,200,5,10,Laptop,6,39,19,2024-03-21 15:18:23.367826,0,27,10
20,200,5,10,Laptop,7,39,19,2024-03-21 15:18:23.570507,0,28,10
20,200,5,10,Laptop,6,39,19,2024-03-21 15:18:23.774737,0,28,10
20,200,5,10,Laptop,7,39,19,2024-03-21 15:18:23.979173,0,28,10
20,200,5,10,Laptop,6,39,19,2024-03-21 15:18:24.184277,0,28,10
20,200,5,10,Laptop,6,39,19,2024-03-21 15:18:24.385009,0,28,10
19,200,5,10,Laptop,6,39,19,2024-03-21 15:18:24.583060,0,27,10
19,200,5,10,Laptop,6,39,19,2024-03-21 15:18:24.780049,0,27,10
19,200,5,10,Laptop,7,39,19,2024-03-21 15:18:24.977927,0,27,10
19,200,5,20,Laptop,6,39,19,2024-03-21 15:18:25.176701,0,27,20
38,200,5,20,Laptop,7,33,19,2024-03-21 15:18:25.563672,0,46,20
21,200,5,20,Laptop,6,33,19,2024-03-21 15:18:25.779960,0,29,20
19,200,5,20,Laptop,5,33,19,2024-03-21 15:18:25.973454,0,27,20
20,200,5,20,Laptop,7,33,19,2024-03-21 15:18:26.176317,0,28,20
20,200,5,20,Laptop,6,33,19,2024-03-21 15:18:26.377535,0,28,20
20,200,5,20,Laptop,6,33,19,2024-03-21 15:18:26.584590,0,28,20
19,200,5,20,Laptop,6,33,19,2024-03-21 15:18:26.782895,0,27,20
20,200,5,20,Laptop,6,33,19,2024-03-21 15:18:26.985916,0,28,20
20,200,5,20,Laptop,6,33,19,2024-03-21 15:18:27.187602,0,28,20
23,200,5,50,Laptop,7,34,19,2024-03-21 15:18:27.423980,0,31,50
23,200,5,50,Laptop,6,34,19,2024-03-21 15:18:27.659548,0,31,50
23,200,5,50,Laptop,6,34,19,2024-03-21 15:18:27.895244,0,31,50
22,200,5,50,Laptop,6,34,19,2024-03-21 15:18:28.124836,0,30,50
22,200,5,50,Laptop,6,35,19,2024-03-21 15:18:28.352539,0,30,50
23,200,5,50,Laptop,6,35,19,2024-03-21 15:18:28.587177,0,31,50
23,200,5,50,Laptop,6,35,19,2024-03-21 15:18:28.817977,0,31,50
23,200,5,50,Laptop,6,35,19,2024-03-21 15:18:29.048740,0,31,50
23,200,5,50,Laptop,6,35,19,2024-03-21 15:18:29.283915,0,31,50
23,200,5,50,Laptop,6,35,19,2024-03-21 15:18:29.514728,0,31,50
28,200,5,80,Laptop,7,36,19,2024-03-21 15:18:29.804140,0,36,80
29,200,5,80,Laptop,6,36,19,2024-03-21 15:18:30.098622,0,37,80
27,200,5,80,Laptop,6,37,19,2024-03-21 15:18:30.378400,0,35,80
29,200,5,80,Laptop,6,37,19,2024-03-21 15:18:30.669801,0,37,80
27,200,5,80,Laptop,6,37,19,2024-03-21 15:18:30.948283,0,35,80
28,200,5,80,Laptop,7,38,19,2024-03-21 15:18:31.229619,0,36,80
28,200,5,80,Laptop,6,38,19,2024-03-21 15:18:31.515942,0,36,80
27,200,5,80,Laptop,6,39,19,2024-03-21 15:18:31.794102,0,35,80
27,200,5,80,Laptop,6,40,19,2024-03-21 15:18:32.072121,0,35,80
28,200,5,80,Laptop,6,40,19,2024-03-21 15:18:32.361866,0,36,80
21,200,10,1,Laptop,6,40,19,2024-03-21 15:18:32.574510,0,29,1
21,200,10,1,Laptop,7,40,19,2024-03-21 15:18:32.787796,0,29,1
21,200,10,1,Laptop,7,40,19,2024-03-21 15:18:33.002414,0,29,1
21,200,10,1,Laptop,6,40,19,2024-03-21 15:18:33.221611,0,29,1
21,200,10,1,Laptop,6,40,19,2024-03-21 15:18:33.435620,0,29,1
21,200,10,1,Laptop,7,40,19,2024-03-21 15:18:33.651105,0,29,1
21,200,10,1,Laptop,6,40,19,2024-03-21 15:18:33.863334,0,29,1
21,200,10,1,Laptop,6,40,19,2024-03-21 15:18:34.077520,0,29,1
21,200,10,1,Laptop,6,40,19,2024-03-21 15:18:34.296499,0,29,1
21,200,10,1,Laptop,6,40,19,2024-03-21 15:18:34.515331,0,29,1
21,200,10,10,Laptop,6,40,19,2024-03-21 15:18:34.734244,0,29,10
21,200,10,10,Laptop,6,40,19,2024-03-21 15:18:34.951136,0,29,10
41,200,10,10,Laptop,6,33,19,2024-03-21 15:18:35.370479,0,49,10
21,200,10,10,Laptop,6,33,19,2024-03-21 15:18:35.587625,0,29,10
21,200,10,10,Laptop,6,33,19,2024-03-21 15:18:35.803230,0,29,10
21,200,10,10,Laptop,6,33,19,2024-03-21 15:18:36.017167,0,29,10
21,200,10,10,Laptop,6,33,19,2024-03-21 15:18:36.234929,0,29,10
22,200,10,10,Laptop,6,33,19,2024-03-21 15:18:36.455995,0,30,10
21,200,10,10,Laptop,6,33,19,2024-03-21 15:18:36.673368,0,29,10
21,200,10,10,Laptop,6,33,19,2024-03-21 15:18:36.888910,0,29,10
21,200,10,20,Laptop,6,33,19,2024-03-21 15:18:37.104427,0,29,20
21,200,10,20,Laptop,6,33,19,2024-03-21 15:18:37.319945,0,29,20
21,200,10,20,Laptop,7,33,19,2024-03-21 15:18:37.537200,0,29,20
21,200,10,20,Laptop,6,33,19,2024-03-21 15:18:37.754345,0,29,20
21,200,10,20,Laptop,6,33,19,2024-03-21 15:18:37.971152,0,29,20
21,200,10,20,Laptop,6,33,19,2024-03-21 15:18:38.189746,0,29,20
21,200,10,20,Laptop,6,33,19,2024-03-21 15:18:38.408700,0,29,20
21,200,10,20,Laptop,6,33,19,2024-03-21 15:18:38.624479,0,29,20
22,200,10,20,Laptop,6,33,19,2024-03-21 15:18:38.846316,0,30,20
21,200,10,20,Laptop,6,33,19,2024-03-21 15:18:39.063789,0,29,20
25,200,10,50,Laptop,7,34,19,2024-03-21 15:18:39.321774,0,33,50
25,200,10,50,Laptop,7,34,19,2024-03-21 15:18:39.579661,0,33,50
24,200,10,50,Laptop,6,34,19,2024-03-21 15:18:39.829978,0,32,50
25,200,10,50,Laptop,6,34,19,2024-03-21 15:18:40.085974,0,33,50
24,200,10,50,Laptop,6,34,19,2024-03-21 15:18:40.334922,0,32,50
24,200,10,50,Laptop,6,34,19,2024-03-21 15:18:40.581166,0,32,50
25,200,10,50,Laptop,6,34,19,2024-03-21 15:18:40.834169,0,33,50
24,200,10,50,Laptop,6,35,19,2024-03-21 15:18:41.080427,0,32,50
24,200,10,50,Laptop,6,35,19,2024-03-21 15:18:41.327146,0,32,50
25,200,10,50,Laptop,6,35,19,2024-03-21 15:18:41.578239,0,33,50
29,200,10,80,Laptop,6,36,19,2024-03-21 15:18:41.878140,0,37,80
31,200,10,80,Laptop,6,36,19,2024-03-21 15:18:42.189169,0,39,80
31,200,10,80,Laptop,7,36,19,2024-03-21 15:18:42.501469,0,39,80
29,200,10,80,Laptop,6,37,19,2024-03-21 15:18:42.799955,0,37,80
30,200,10,80,Laptop,6,37,19,2024-03-21 15:18:43.110138,0,38,80
31,200,10,80,Laptop,7,37,19,2024-03-21 15:18:43.422163,0,39,80
29,200,10,80,Laptop,6,37,19,2024-03-21 15:18:43.717640,0,37,80
30,200,10,80,Laptop,6,37,19,2024-03-21 15:18:44.026636,0,38,80
29,200,10,80,Laptop,6,38,19,2024-03-21 15:18:44.323902,0,37,80
29,200,10,80,Laptop,7,39,19,2024-03-21 15:18:44.621634,0,37,80
26,200,20,1,Laptop,6,38,19,2024-03-21 15:18:44.891272,0,34,1
26,200,20,1,Laptop,6,38,19,2024-03-21 15:18:45.153005,0,34,1
42,200,20,1,Laptop,6,33,19,2024-03-21 15:18:45.582345,0,50,1
24,200,20,1,Laptop,7,33,19,2024-03-21 15:18:45.828622,0,32,1
24,200,20,1,Laptop,7,33,19,2024-03-21 15:18:46.076862,0,32,1
25,200,20,1,Laptop,7,33,19,2024-03-21 15:18:46.328942,0,33,1
24,200,20,1,Laptop,6,33,19,2024-03-21 15:18:46.578351,0,32,1
24,200,20,1,Laptop,6,33,19,2024-03-21 15:18:46.826384,0,32,1
24,200,20,1,Laptop,7,33,19,2024-03-21 15:18:47.076205,0,32,1
24,200,20,1,Laptop,6,33,19,2024-03-21 15:18:47.323671,0,32,1
24,200,20,10,Laptop,7,33,19,2024-03-21 15:18:47.571919,0,32,10
24,200,20,10,Laptop,6,33,19,2024-03-21 15:18:47.819049,0,32,10
24,200,20,10,Laptop,7,33,19,2024-03-21 15:18:48.066639,0,32,10
24,200,20,10,Laptop,6,33,19,2024-03-21 15:18:48.315054,0,32,10
24,200,20,10,Laptop,6,33,19,2024-03-21 15:18:48.561117,0,32,10
24,200,20,10,Laptop,6,33,19,2024-03-21 15:18:48.811425,0,32,10
24,200,20,10,Laptop,6,33,19,2024-03-21 15:18:49.057968,0,32,10
24,200,20,10,Laptop,6,33,19,2024-03-21 15:18:49.303890,0,32,10
25,200,20,10,Laptop,6,33,19,2024-03-21 15:18:49.554959,0,33,10
25,200,20,10,Laptop,6,33,19,2024-03-21 15:18:49.806206,0,33,10
24,200,20,20,Laptop,6,33,19,2024-03-21 15:18:50.056525,0,32,20
25,200,20,20,Laptop,6,33,19,2024-03-21 15:18:50.309258,0,33,20
24,200,20,20,Laptop,7,33,19,2024-03-21 15:18:50.556054,0,32,20
25,200,20,20,Laptop,6,33,19,2024-03-21 15:18:50.813426,0,33,20
25,200,20,20,Laptop,6,33,19,2024-03-21 15:18:51.068305,0,33,20
25,200,20,20,Laptop,6,33,19,2024-03-21 15:18:51.328609,0,33,20
26,200,20,20,Laptop,6,33,19,2024-03-21 15:18:51.594610,0,34,20
26,200,20,20,Laptop,6,33,19,2024-03-21 15:18:51.855640,0,34,20
25,200,20,20,Laptop,6,33,19,2024-03-21 15:18:52.115137,0,33,20
26,200,20,20,Laptop,7,33,19,2024-03-21 15:18:52.381977,0,34,20
29,200,20,50,Laptop,7,34,19,2024-03-21 15:18:52.677709,0,37,50
30,200,20,50,Laptop,6,34,19,2024-03-21 15:18:52.978408,0,38,50
29,200,20,50,Laptop,6,34,19,2024-03-21 15:18:53.277791,0,37,50
28,200,20,50,Laptop,7,34,19,2024-03-21 15:18:53.564461,0,36,50
29,200,20,50,Laptop,6,34,19,2024-03-21 15:18:53.864234,0,37,50
30,200,20,50,Laptop,6,34,19,2024-03-21 15:18:54.167498,0,38,50
28,200,20,50,Laptop,6,34,19,2024-03-21 15:18:54.454372,0,36,50
31,200,20,50,Laptop,8,34,19,2024-03-21 15:18:54.767614,0,39,50
33,200,20,50,Laptop,7,35,19,2024-03-21 15:18:55.099873,0,41,50
29,200,20,50,Laptop,6,35,19,2024-03-21 15:18:55.394756,0,37,50
34,200,20,80,Laptop,6,35,19,2024-03-21 15:18:55.744368,0,42,80
33,200,20,80,Laptop,6,36,19,2024-03-21 15:18:56.084420,0,41,80
48,200,20,80,Laptop,6,34,19,2024-03-21 15:18:56.568061,0,56,80
34,200,20,80,Laptop,6,34,19,2024-03-21 15:18:56.914342,0,42,80
33,200,20,80,Laptop,6,35,19,2024-03-21 15:18:57.248864,0,41,80
32,200,20,80,Laptop,6,35,19,2024-03-21 15:18:57.577155,0,40,80
33,200,20,80,Laptop,6,35,19,2024-03-21 15:18:57.914876,0,41,80
32,200,20,80,Laptop,6,36,19,2024-03-21 15:18:58.242786,0,40,80
32,200,20,80,Laptop,6,37,19,2024-03-21 15:18:58.567607,0,40,80
33,200,20,80,Laptop,6,37,19,2024-03-21 15:18:58.906835,0,41,80
27,200,30,1,Laptop,6,37,19,2024-03-21 15:18:59.181583,0,35,1
27,200,30,1,Laptop,6,37,19,2024-03-21 15:18:59.452307,0,35,1
28,200,30,1,Laptop,6,37,19,2024-03-21 15:18:59.734571,0,36,1
28,200,30,1,Laptop,7,37,19,2024-03-21 15:19:00.017396,0,36,1
27,200,30,1,Laptop,7,37,19,2024-03-21 15:19:00.295835,0,35,1
28,200,30,1,Laptop,6,37,19,2024-03-21 15:19:00.578131,0,36,1
27,200,30,1,Laptop,8,37,19,2024-03-21 15:19:00.858595,0,35,1
28,200,30,1,Laptop,6,37,19,2024-03-21 15:19:01.140365,0,36,1
28,200,30,1,Laptop,6,37,19,2024-03-21 15:19:01.422718,0,36,1
27,200,30,1,Laptop,7,37,19,2024-03-21 15:19:01.701619,0,35,1
28,200,30,10,Laptop,6,37,19,2024-03-21 15:19:01.984152,0,36,10
28,200,30,10,Laptop,6,37,19,2024-03-21 15:19:02.274309,0,36,10
29,200,30,10,Laptop,6,37,19,2024-03-21 15:19:02.566478,0,37,10
29,200,30,10,Laptop,6,37,19,2024-03-21 15:19:02.859367,0,37,10
29,200,30,10,Laptop,6,37,19,2024-03-21 15:19:03.151385,0,37,10
28,200,30,10,Laptop,6,37,19,2024-03-21 15:19:03.439675,0,36,10
29,200,30,10,Laptop,7,37,19,2024-03-21 15:19:03.738801,0,37,10
29,200,30,10,Laptop,6,37,19,2024-03-21 15:19:04.033472,0,37,10
29,200,30,10,Laptop,6,37,19,2024-03-21 15:19:04.323999,0,37,10
28,200,30,10,Laptop,6,37,19,2024-03-21 15:19:04.614454,0,36,10
29,200,30,20,Laptop,7,37,19,2024-03-21 15:19:04.911992,0,37,20
29,200,30,20,Laptop,6,37,19,2024-03-21 15:19:05.209167,0,37,20
29,200,30,20,Laptop,6,37,19,2024-03-21 15:19:05.506837,0,37,20
29,200,30,20,Laptop,6,37,19,2024-03-21 15:19:05.798387,0,37,20
28,200,30,20,Laptop,6,37,19,2024-03-21 15:19:06.083520,0,36,20
29,200,30,20,Laptop,6,37,19,2024-03-21 15:19:06.380698,0,37,20
29,200,30,20,Laptop,6,37,19,2024-03-21 15:19:06.673093,0,37,20
30,200,30,20,Laptop,7,37,19,2024-03-21 15:19:06.982382,0,38,20
29,200,30,20,Laptop,7,37,19,2024-03-21 15:19:07.281551,0,37,20
29,200,30,20,Laptop,6,37,19,2024-03-21 15:19:07.579459,0,37,20
32,200,30,50,Laptop,6,37,19,2024-03-21 15:19:07.909082,0,40,50
32,200,30,50,Laptop,6,38,19,2024-03-21 15:19:08.232511,0,40,50
49,200,30,50,Laptop,6,33,19,2024-03-21 15:19:08.723330,0,57,50
31,200,30,50,Laptop,6,33,19,2024-03-21 15:19:09.041065,0,39,50
31,200,30,50,Laptop,7,34,19,2024-03-21 15:19:09.353122,0,39,50
31,200,30,50,Laptop,6,34,19,2024-03-21 15:19:09.668457,0,39,50
32,200,30,50,Laptop,6,34,19,2024-03-21 15:19:09.989232,0,40,50
31,200,30,50,Laptop,6,34,19,2024-03-21 15:19:10.305706,0,39,50
31,200,30,50,Laptop,6,35,19,2024-03-21 15:19:10.618911,0,39,50
31,200,30,50,Laptop,7,35,19,2024-03-21 15:19:10.934293,0,39,50
35,200,30,80,Laptop,6,35,19,2024-03-21 15:19:11.294585,0,43,80
35,200,30,80,Laptop,6,36,19,2024-03-21 15:19:11.652916,0,43,80
36,200,30,80,Laptop,6,36,19,2024-03-21 15:19:12.022571,0,44,80
35,200,30,80,Laptop,6,37,19,2024-03-21 15:19:12.380096,0,43,80
35,200,30,80,Laptop,6,38,19,2024-03-21 15:19:12.736688,0,43,80
36,200,30,80,Laptop,6,38,19,2024-03-21 15:19:13.105503,0,44,80
35,200,30,80,Laptop,6,39,19,2024-03-21 15:19:13.465306,0,43,80
36,200,30,80,Laptop,6,39,19,2024-03-21 15:19:13.830645,0,44,80
37,200,30,80,Laptop,7,38,19,2024-03-21 15:19:14.205544,0,45,80
36,200,30,80,Laptop,7,39,19,2024-03-21 15:19:14.571215,0,44,80
45,296,5,1,Laptop,6,39,19,2024-03-21 15:19:15.105424,0,53,1
46,296,5,1,Laptop,6,39,19,2024-03-21 15:19:15.566451,0,54,1
45,296,5,1,Laptop,6,39,19,2024-03-21 15:19:16.021302,0,53,1
45,296,5,1,Laptop,6,39,19,2024-03-21 15:19:16.474326,0,53,1
45,296,5,1,Laptop,6,39,19,2024-03-21 15:19:16.933953,0,53,1
45,296,5,1,Laptop,6,39,19,2024-03-21 15:19:17.389220,0,53,1
45,296,5,1,Laptop,6,39,19,2024-03-21 15:19:17.841834,0,53,1
45,296,5,1,Laptop,6,39,19,2024-03-21 15:19:18.298679,0,53,1
45,296,5,1,Laptop,6,39,19,2024-03-21 15:19:18.752949,0,53,1
45,296,5,1,Laptop,6,39,19,2024-03-21 15:19:19.208423,0,53,1
50,296,5,10,Laptop,10,39,19,2024-03-21 15:19:19.718521,0,58,10
51,296,5,10,Laptop,9,39,19,2024-03-21 15:19:20.238587,0,59,10
52,296,5,10,Laptop,9,39,19,2024-03-21 15:19:20.761477,0,60,10
51,296,5,10,Laptop,9,39,19,2024-03-21 15:19:21.277928,0,59,10
51,296,5,10,Laptop,9,39,19,2024-03-21 15:19:21.792229,0,59,10
51,296,5,10,Laptop,9,39,19,2024-03-21 15:19:22.304400,0,59,10
52,296,5,10,Laptop,9,39,19,2024-03-21 15:19:22.829983,0,60,10
51,296,5,10,Laptop,9,39,19,2024-03-21 15:19:23.346746,0,59,10
51,296,5,10,Laptop,9,39,19,2024-03-21 15:19:23.864343,0,59,10
51,296,5,10,Laptop,9,39,19,2024-03-21 15:19:24.377722,0,59,10
72,296,5,20,Laptop,8,33,19,2024-03-21 15:19:25.105913,0,80,20
53,296,5,20,Laptop,9,33,19,2024-03-21 15:19:25.638123,0,61,20
52,296,5,20,Laptop,9,33,19,2024-03-21 15:19:26.167648,0,60,20
53,296,5,20,Laptop,9,33,19,2024-03-21 15:19:26.698332,0,61,20
53,296,5,20,Laptop,9,33,19,2024-03-21 15:19:27.231300,0,61,20
53,296,5,20,Laptop,9,33,19,2024-03-21 15:19:27.764896,0,61,20
52,296,5,20,Laptop,9,33,19,2024-03-21 15:19:28.293108,0,60,20
53,296,5,20,Laptop,9,33,19,2024-03-21 15:19:28.829554,0,61,20
53,296,5,20,Laptop,9,33,19,2024-03-21 15:19:29.361120,0,61,20
52,296,5,20,Laptop,9,33,19,2024-03-21 15:19:29.890309,0,60,20
58,296,5,50,Laptop,8,34,19,2024-03-21 15:19:30.473676,0,66,50
57,296,5,50,Laptop,9,34,19,2024-03-21 15:19:31.053493,0,65,50
57,296,5,50,Laptop,9,34,19,2024-03-21 15:19:31.628673,0,65,50
57,296,5,50,Laptop,9,35,19,2024-03-21 15:19:32.204422,0,65,50
57,296,5,50,Laptop,8,35,19,2024-03-21 15:19:32.782262,0,65,50
57,296,5,50,Laptop,9,35,19,2024-03-21 15:19:33.360809,0,65,50
56,296,5,50,Laptop,8,35,19,2024-03-21 15:19:33.930426,0,64,50
57,296,5,50,Laptop,9,36,19,2024-03-21 15:19:34.505852,0,65,50
58,296,5,50,Laptop,9,36,19,2024-03-21 15:19:35.086437,0,66,50
58,296,5,50,Laptop,8,36,19,2024-03-21 15:19:35.671436,0,66,50
81,296,5,80,Laptop,8,34,19,2024-03-21 15:19:36.485661,0,89,80
62,296,5,80,Laptop,8,35,19,2024-03-21 15:19:37.114770,0,70,80
62,296,5,80,Laptop,9,35,19,2024-03-21 15:19:37.739964,0,70,80
62,296,5,80,Laptop,8,36,19,2024-03-21 15:19:38.362286,0,70,80
62,296,5,80,Laptop,8,37,19,2024-03-21 15:19:38.991554,0,70,80
63,296,5,80,Laptop,8,38,19,2024-03-21 15:19:39.630123,0,71,80
64,296,5,80,Laptop,8,39,19,2024-03-21 15:19:40.275889,0,72,80
64,296,5,80,Laptop,9,39,19,2024-03-21 15:19:40.926377,0,72,80
64,296,5,80,Laptop,9,40,19,2024-03-21 15:19:41.573157,0,72,80
64,296,5,80,Laptop,8,41,19,2024-03-21 15:19:42.221372,0,72,80
148,296,10,1,Laptop,7,41,19,2024-03-21 15:19:43.709495,0,156,1
151,296,10,1,Laptop,8,41,19,2024-03-21 15:19:45.224887,0,159,1
149,296,10,1,Laptop,7,41,19,2024-03-21 15:19:46.715646,0,157,1
151,296,10,1,Laptop,8,41,19,2024-03-21 15:19:48.231713,0,159,1
148,296,10,1,Laptop,7,41,19,2024-03-21 15:19:49.720227,0,156,1
145,296,10,1,Laptop,7,41,19,2024-03-21 15:19:51.175868,0,153,1
146,296,10,1,Laptop,7,41,19,2024-03-21 15:19:52.642071,0,154,1
147,296,10,1,Laptop,7,41,19,2024-03-21 15:19:54.114431,0,155,1
166,296,10,1,Laptop,7,33,19,2024-03-21 15:19:55.780902,0,174,1
153,296,10,1,Laptop,7,33,19,2024-03-21 15:19:57.314468,0,161,1
150,296,10,10,Laptop,7,33,19,2024-03-21 15:19:58.817178,0,158,10
148,296,10,10,Laptop,7,33,19,2024-03-21 15:20:00.300202,0,156,10
152,296,10,10,Laptop,7,33,19,2024-03-21 15:20:01.822577,0,160,10
153,296,10,10,Laptop,7,33,19,2024-03-21 15:20:03.358650,0,161,10
148,296,10,10,Laptop,7,33,19,2024-03-21 15:20:04.846218,0,156,10
148,296,10,10,Laptop,7,33,19,2024-03-21 15:20:06.327882,0,156,10
150,296,10,10,Laptop,7,33,19,2024-03-21 15:20:07.828935,0,158,10
148,296,10,10,Laptop,7,33,19,2024-03-21 15:20:09.315142,0,156,10
148,296,10,10,Laptop,7,33,19,2024-03-21 15:20:10.805043,0,156,10
149,296,10,10,Laptop,7,33,19,2024-03-21 15:20:12.299880,0,157,10
151,296,10,20,Laptop,7,33,19,2024-03-21 15:20:13.815645,0,159,20
150,296,10,20,Laptop,7,33,19,2024-03-21 15:20:15.319230,0,158,20
151,296,10,20,Laptop,7,33,19,2024-03-21 15:20:16.830005,0,159,20
153,296,10,20,Laptop,7,33,19,2024-03-21 15:20:18.368054,0,161,20
150,296,10,20,Laptop,7,33,19,2024-03-21 15:20:19.872908,0,158,20
161,296,10,20,Laptop,7,33,19,2024-03-21 15:20:21.490890,0,169,20
151,296,10,20,Laptop,7,33,19,2024-03-21 15:20:23.003439,0,159,20
150,296,10,20,Laptop,7,33,19,2024-03-21 15:20:24.512419,0,158,20
152,296,10,20,Laptop,7,33,19,2024-03-21 15:20:26.040120,0,160,20
192,296,10,20,Laptop,11,34,19,2024-03-21 15:20:27.961502,0,200,20
209,296,10,50,Laptop,12,34,19,2024-03-21 15:20:30.055163,0,217,50
200,296,10,50,Laptop,9,34,19,2024-03-21 15:20:32.059281,0,208,50
184,296,10,50,Laptop,9,35,19,2024-03-21 15:20:33.901143,0,192,50
159,296,10,50,Laptop,7,35,19,2024-03-21 15:20:35.492176,0,167,50
168,296,10,50,Laptop,8,35,19,2024-03-21 15:20:37.181218,0,176,50
226,296,10,50,Laptop,13,36,19,2024-03-21 15:20:39.442619,0,234,50
184,296,10,50,Laptop,8,36,19,2024-03-21 15:20:41.283959,0,192,50
231,296,10,50,Laptop,18,36,20,2024-03-21 15:20:43.596540,0,239,50
192,296,10,50,Laptop,11,36,19,2024-03-21 15:20:45.521562,0,200,50
180,296,10,50,Laptop,9,37,19,2024-03-21 15:20:47.328236,0,188,50
230,296,10,80,Laptop,11,34,19,2024-03-21 15:20:49.634063,0,238,80
192,296,10,80,Laptop,8,35,19,2024-03-21 15:20:51.555102,0,200,80
166,296,10,80,Laptop,7,36,19,2024-03-21 15:20:53.222233,0,174,80
164,296,10,80,Laptop,7,36,19,2024-03-21 15:20:54.870852,0,172,80
295,296,10,80,Laptop,19,37,20,2024-03-21 15:20:57.821921,0,303,80
211,296,10,80,Laptop,10,38,19,2024-03-21 15:20:59.938342,0,219,80
194,296,10,80,Laptop,10,39,19,2024-03-21 15:21:01.882817,0,202,80
194,296,10,80,Laptop,10,39,19,2024-03-21 15:21:03.832846,0,202,80
200,296,10,80,Laptop,10,40,19,2024-03-21 15:21:05.840676,0,208,80
172,296,10,80,Laptop,7,41,19,2024-03-21 15:21:07.562878,0,180,80
310,296,20,1,Laptop,9,41,19,2024-03-21 15:21:10.671407,0,318,1
281,296,20,1,Laptop,7,41,19,2024-03-21 15:21:13.489979,0,289,1
280,296,20,1,Laptop,7,41,19,2024-03-21 15:21:16.296886,0,288,1
351,296,20,1,Laptop,9,33,19,2024-03-21 15:21:19.814197,0,359,1
290,296,20,1,Laptop,8,33,19,2024-03-21 15:21:22.720742,0,298,1
300,296,20,1,Laptop,8,33,19,2024-03-21 15:21:25.722418,0,308,1
272,296,20,1,Laptop,7,33,19,2024-03-21 15:21:28.452096,0,280,1
272,296,20,1,Laptop,7,33,19,2024-03-21 15:21:31.182221,0,280,1
273,296,20,1,Laptop,7,33,19,2024-03-21 15:21:33.916017,0,281,1
272,296,20,1,Laptop,7,33,19,2024-03-21 15:21:36.645137,0,280,1
282,296,20,10,Laptop,7,33,19,2024-03-21 15:21:39.465809,0,290,10
296,296,20,10,Laptop,8,33,19,2024-03-21 15:21:42.433230,0,304,10
283,296,20,10,Laptop,7,33,19,2024-03-21 15:21:45.271624,0,291,10
315,296,20,10,Laptop,14,33,19,2024-03-21 15:21:48.431194,0,323,10
396,296,20,10,Laptop,21,33,20,2024-03-21 15:21:52.395255,0,404,10
338,296,20,10,Laptop,10,33,19,2024-03-21 15:21:55.776989,0,346,10
335,296,20,10,Laptop,9,34,19,2024-03-21 15:21:59.128317,0,343,10
319,296,20,10,Laptop,9,33,19,2024-03-21 15:22:02.323408,0,327,10
367,296,20,10,Laptop,13,33,19,2024-03-21 15:22:05.995054,0,375,10
336,296,20,10,Laptop,9,34,19,2024-03-21 15:22:09.363499,0,344,10
306,296,20,20,Laptop,8,33,19,2024-03-21 15:22:12.430870,0,314,20
316,296,20,20,Laptop,8,33,19,2024-03-21 15:22:15.596344,0,324,20
324,296,20,20,Laptop,9,33,19,2024-03-21 15:22:18.844879,0,332,20
302,296,20,20,Laptop,8,33,19,2024-03-21 15:22:21.869010,0,310,20
328,296,20,20,Laptop,9,34,19,2024-03-21 15:22:25.151177,0,336,20
322,296,20,20,Laptop,9,34,19,2024-03-21 15:22:28.378054,0,330,20
342,296,20,20,Laptop,10,34,19,2024-03-21 15:22:31.802408,0,350,20
337,296,20,20,Laptop,9,33,19,2024-03-21 15:22:35.174042,0,345,20
349,296,20,20,Laptop,10,33,19,2024-03-21 15:22:38.673962,0,357,20
327,296,20,20,Laptop,9,33,19,2024-03-21 15:22:41.948656,0,335,20
316,296,20,50,Laptop,8,34,19,2024-03-21 15:22:45.116625,0,324,50
335,296,20,50,Laptop,10,34,19,2024-03-21 15:22:48.474629,0,343,50
308,296,20,50,Laptop,8,34,19,2024-03-21 15:22:51.558272,0,316,50
336,296,20,50,Laptop,9,35,19,2024-03-21 15:22:54.918995,0,344,50
310,296,20,50,Laptop,8,35,19,2024-03-21 15:22:58.027350,0,318,50
395,296,20,50,Laptop,17,36,19,2024-03-21 15:23:01.979588,0,403,50
322,296,20,50,Laptop,7,34,19,2024-03-21 15:23:05.201196,0,330,50
298,296,20,50,Laptop,7,34,19,2024-03-21 15:23:08.184193,0,306,50
392,296,20,50,Laptop,18,35,20,2024-03-21 15:23:12.109415,0,400,50
423,296,20,50,Laptop,13,35,19,2024-03-21 15:23:16.342187,0,431,50
298,296,20,80,Laptop,7,36,19,2024-03-21 15:23:19.328415,0,306,80
299,296,20,80,Laptop,7,37,19,2024-03-21 15:23:22.324309,0,307,80
296,296,20,80,Laptop,7,37,19,2024-03-21 15:23:25.290143,0,304,80
297,296,20,80,Laptop,7,38,19,2024-03-21 15:23:28.262833,0,305,80
315,296,20,80,Laptop,7,39,19,2024-03-21 15:23:31.414606,0,323,80
320,296,20,80,Laptop,7,35,19,2024-03-21 15:23:34.620000,0,328,80
300,296,20,80,Laptop,7,35,19,2024-03-21 15:23:37.623245,0,308,80
307,296,20,80,Laptop,7,36,19,2024-03-21 15:23:40.693946,0,315,80
293,296,20,80,Laptop,7,37,19,2024-03-21 15:23:43.633870,0,301,80
299,296,20,80,Laptop,7,38,19,2024-03-21 15:23:46.627648,0,307,80
290,296,30,1,Laptop,7,38,19,2024-03-21 15:23:49.528759,0,298,1
320,296,30,1,Laptop,9,38,19,2024-03-21 15:23:52.738221,0,328,1
352,296,30,1,Laptop,11,38,19,2024-03-21 15:23:56.261346,0,360,1
417,296,30,1,Laptop,13,38,19,2024-03-21 15:24:00.437649,0,425,1
293,296,30,1,Laptop,7,38,19,2024-03-21 15:24:03.378032,0,301,1
286,296,30,1,Laptop,7,38,19,2024-03-21 15:24:06.245866,0,294,1
284,296,30,1,Laptop,7,38,19,2024-03-21 15:24:09.087510,0,292,1
297,296,30,1,Laptop,7,34,19,2024-03-21 15:24:12.064182,0,305,1
290,296,30,1,Laptop,7,34,19,2024-03-21 15:24:14.969778,0,298,1
277,296,30,1,Laptop,7,34,19,2024-03-21 15:24:17.747771,0,285,1
282,296,30,10,Laptop,7,34,19,2024-03-21 15:24:20.572665,0,290,10
283,296,30,10,Laptop,6,34,19,2024-03-21 15:24:23.410917,0,291,10
283,296,30,10,Laptop,7,34,19,2024-03-21 15:24:26.243322,0,291,10
283,296,30,10,Laptop,7,34,19,2024-03-21 15:24:29.082236,0,291,10
280,296,30,10,Laptop,7,34,19,2024-03-21 15:24:31.884093,0,288,10
284,296,30,10,Laptop,7,34,19,2024-03-21 15:24:34.725042,0,292,10
278,296,30,10,Laptop,7,34,19,2024-03-21 15:24:37.512455,0,286,10
284,296,30,10,Laptop,7,34,19,2024-03-21 15:24:40.354083,0,292,10
288,296,30,10,Laptop,7,34,19,2024-03-21 15:24:43.240369,0,296,10
291,296,30,10,Laptop,7,34,19,2024-03-21 15:24:46.156824,0,299,10
279,296,30,20,Laptop,7,34,19,2024-03-21 15:24:48.950914,0,287,20
279,296,30,20,Laptop,7,34,19,2024-03-21 15:24:51.749514,0,287,20
286,296,30,20,Laptop,7,34,19,2024-03-21 15:24:54.612195,0,294,20
281,296,30,20,Laptop,7,34,19,2024-03-21 15:24:57.426381,0,289,20
283,296,30,20,Laptop,6,34,19,2024-03-21 15:25:00.260272,0,291,20
282,296,30,20,Laptop,7,34,19,2024-03-21 15:25:03.089105,0,290,20
284,296,30,20,Laptop,7,34,19,2024-03-21 15:25:05.938062,0,292,20
286,296,30,20,Laptop,7,34,19,2024-03-21 15:25:08.804817,0,294,20
283,296,30,20,Laptop,6,34,19,2024-03-21 15:25:11.638796,0,291,20
288,296,30,20,Laptop,7,34,19,2024-03-21 15:25:14.528119,0,296,20
305,296,30,50,Laptop,6,34,19,2024-03-21 15:25:17.579370,0,313,50
287,296,30,50,Laptop,7,34,19,2024-03-21 15:25:20.459428,0,295,50
289,296,30,50,Laptop,7,35,19,2024-03-21 15:25:23.352857,0,297,50
287,296,30,50,Laptop,7,35,19,2024-03-21 15:25:26.230313,0,295,50
285,296,30,50,Laptop,7,35,19,2024-03-21 15:25:29.089917,0,293,50
284,296,30,50,Laptop,7,36,19,2024-03-21 15:25:31.938056,0,292,50
288,296,30,50,Laptop,7,36,19,2024-03-21 15:25:34.827251,0,296,50
284,296,30,50,Laptop,7,36,19,2024-03-21 15:25:37.672490,0,292,50
292,296,30,50,Laptop,7,36,19,2024-03-21 15:25:40.596097,0,300,50
302,296,30,50,Laptop,6,34,19,2024-03-21 15:25:43.622746,0,310,50
312,296,30,80,Laptop,7,35,19,2024-03-21 15:25:46.751312,0,320,80
295,296,30,80,Laptop,7,36,19,2024-03-21 15:25:49.705658,0,303,80
291,296,30,80,Laptop,6,36,19,2024-03-21 15:25:52.624208,0,299,80
293,296,30,80,Laptop,7,37,19,2024-03-21 15:25:55.555103,0,301,80
290,296,30,80,Laptop,7,38,19,2024-03-21 15:25:58.457671,0,298,80
292,296,30,80,Laptop,7,39,19,2024-03-21 15:26:01.385473,0,300,80
293,296,30,80,Laptop,6,39,19,2024-03-21 15:26:04.319757,0,301,80
292,296,30,80,Laptop,7,40,19,2024-03-21 15:26:07.244307,0,300,80
316,296,30,80,Laptop,7,35,19,2024-03-21 15:26:10.411941,0,324,80
298,296,30,80,Laptop,7,35,19,2024-03-21 15:26:13.392732,0,306,80
33,300,5,1,Laptop,6,35,19,2024-03-21 15:26:13.792266,0,41,1
33,300,5,1,Laptop,6,35,19,2024-03-21 15:26:14.126981,0,41,1
33,300,5,1,Laptop,6,35,19,2024-03-21 15:26:14.461421,0,41,1
34,300,5,1,Laptop,6,35,19,2024-03-21 15:26:14.804319,0,42,1
34,300,5,1,Laptop,6,35,19,2024-03-21 15:26:15.150256,0,42,1
34,300,5,1,Laptop,6,35,19,2024-03-21 15:26:15.493571,0,42,1
33,300,5,1,Laptop,6,35,19,2024-03-21 15:26:15.831932,0,41,1
34,300,5,1,Laptop,6,35,19,2024-03-21 15:26:16.172813,0,42,1
34,300,5,1,Laptop,6,35,19,2024-03-21 15:26:16.514799,0,42,1
34,300,5,1,Laptop,6,35,19,2024-03-21 15:26:16.860210,0,42,1
36,300,5,10,Laptop,10,35,19,2024-03-21 15:26:17.222406,0,44,10
38,300,5,10,Laptop,10,35,19,2024-03-21 15:26:17.609002,0,46,10
39,300,5,10,Laptop,10,35,19,2024-03-21 15:26:18.003979,0,47,10
39,300,5,10,Laptop,9,35,19,2024-03-21 15:26:18.398252,0,47,10
39,300,5,10,Laptop,10,35,19,2024-03-21 15:26:18.797790,0,47,10
40,300,5,10,Laptop,10,35,19,2024-03-21 15:26:19.198570,0,48,10
40,300,5,10,Laptop,10,35,19,2024-03-21 15:26:19.600283,0,48,10
39,300,5,10,Laptop,9,35,19,2024-03-21 15:26:19.994891,0,47,10
40,300,5,10,Laptop,10,35,19,2024-03-21 15:26:20.398226,0,48,10
40,300,5,10,Laptop,9,35,19,2024-03-21 15:26:20.808001,0,48,10
40,300,5,20,Laptop,9,35,19,2024-03-21 15:26:21.214590,0,48,20
40,300,5,20,Laptop,9,35,19,2024-03-21 15:26:21.620283,0,48,20
39,300,5,20,Laptop,10,35,19,2024-03-21 15:26:22.015983,0,47,20
40,300,5,20,Laptop,10,35,19,2024-03-21 15:26:22.416669,0,48,20
40,300,5,20,Laptop,10,35,19,2024-03-21 15:26:22.822069,0,48,20
40,300,5,20,Laptop,10,35,19,2024-03-21 15:26:23.229976,0,48,20
40,300,5,20,Laptop,10,35,19,2024-03-21 15:26:23.631780,0,48,20
39,300,5,20,Laptop,9,35,19,2024-03-21 15:26:24.029548,0,47,20
41,300,5,20,Laptop,12,35,19,2024-03-21 15:26:24.444199,0,49,20
42,300,5,20,Laptop,9,35,19,2024-03-21 15:26:24.869106,0,50,20
45,300,5,50,Laptop,9,36,19,2024-03-21 15:26:25.325347,0,53,50
44,300,5,50,Laptop,9,36,19,2024-03-21 15:26:25.772840,0,52,50
43,300,5,50,Laptop,9,36,19,2024-03-21 15:26:26.211794,0,51,50
44,300,5,50,Laptop,9,36,19,2024-03-21 15:26:26.654780,0,52,50
44,300,5,50,Laptop,9,36,19,2024-03-21 15:26:27.104244,0,52,50
60,300,5,50,Laptop,8,34,19,2024-03-21 15:26:27.710232,0,68,50
43,300,5,50,Laptop,9,34,19,2024-03-21 15:26:28.145324,0,51,50
44,300,5,50,Laptop,9,35,19,2024-03-21 15:26:28.587668,0,52,50
44,300,5,50,Laptop,9,35,19,2024-03-21 15:26:29.028514,0,52,50
44,300,5,50,Laptop,9,35,19,2024-03-21 15:26:29.475452,0,52,50
50,300,5,80,Laptop,9,35,19,2024-03-21 15:26:29.982177,0,58,80
52,300,5,80,Laptop,11,36,19,2024-03-21 15:26:30.509295,0,60,80
50,300,5,80,Laptop,9,37,19,2024-03-21 15:26:31.019025,0,58,80
49,300,5,80,Laptop,9,38,19,2024-03-21 15:26:31.512201,0,57,80
48,300,5,80,Laptop,9,39,19,2024-03-21 15:26:31.999729,0,56,80
48,300,5,80,Laptop,9,39,19,2024-03-21 15:26:32.487508,0,56,80
49,300,5,80,Laptop,9,40,19,2024-03-21 15:26:32.978678,0,57,80
48,300,5,80,Laptop,9,41,19,2024-03-21 15:26:33.469122,0,56,80
50,300,5,80,Laptop,9,41,19,2024-03-21 15:26:33.971812,0,58,80
49,300,5,80,Laptop,9,41,19,2024-03-21 15:26:34.470515,0,57,80
91,300,10,1,Laptop,8,41,19,2024-03-21 15:26:35.382725,0,99,1
88,300,10,1,Laptop,8,41,19,2024-03-21 15:26:36.270340,0,96,1
88,300,10,1,Laptop,8,41,19,2024-03-21 15:26:37.153007,0,96,1
87,300,10,1,Laptop,8,41,19,2024-03-21 15:26:38.028659,0,95,1
88,300,10,1,Laptop,8,41,19,2024-03-21 15:26:38.911757,0,96,1
87,300,10,1,Laptop,7,41,19,2024-03-21 15:26:39.787996,0,95,1
88,300,10,1,Laptop,8,41,19,2024-03-21 15:26:40.670188,0,96,1
89,300,10,1,Laptop,8,41,19,2024-03-21 15:26:41.567567,0,97,1
88,300,10,1,Laptop,8,41,19,2024-03-21 15:26:42.457035,0,96,1
88,300,10,1,Laptop,8,41,19,2024-03-21 15:26:43.344787,0,96,1
90,300,10,10,Laptop,8,41,19,2024-03-21 15:26:44.251564,0,98,10
91,300,10,10,Laptop,8,41,19,2024-03-21 15:26:45.166032,0,99,10
112,300,10,10,Laptop,7,34,19,2024-03-21 15:26:46.290256,0,120,10
90,300,10,10,Laptop,8,34,19,2024-03-21 15:26:47.198575,0,98,10
92,300,10,10,Laptop,8,34,19,2024-03-21 15:26:48.122107,0,100,10
91,300,10,10,Laptop,7,34,19,2024-03-21 15:26:49.038344,0,99,10
91,300,10,10,Laptop,8,34,19,2024-03-21 15:26:49.949284,0,99,10
91,300,10,10,Laptop,8,34,19,2024-03-21 15:26:50.862554,0,99,10
91,300,10,10,Laptop,8,34,19,2024-03-21 15:26:51.777772,0,99,10
92,300,10,10,Laptop,8,34,19,2024-03-21 15:26:52.703157,0,100,10
94,300,10,20,Laptop,8,34,19,2024-03-21 15:26:53.648503,0,102,20
93,300,10,20,Laptop,8,34,19,2024-03-21 15:26:54.581480,0,101,20
93,300,10,20,Laptop,8,34,19,2024-03-21 15:26:55.513211,0,101,20
93,300,10,20,Laptop,8,34,19,2024-03-21 15:26:56.450687,0,101,20
93,300,10,20,Laptop,8,34,19,2024-03-21 15:26:57.390759,0,101,20
93,300,10,20,Laptop,8,34,19,2024-03-21 15:26:58.324660,0,101,20
93,300,10,20,Laptop,8,34,19,2024-03-21 15:26:59.256166,0,101,20
94,300,10,20,Laptop,8,34,19,2024-03-21 15:27:00.197864,0,102,20
95,300,10,20,Laptop,8,34,19,2024-03-21 15:27:01.153126,0,103,20
92,300,10,20,Laptop,8,34,19,2024-03-21 15:27:02.083434,0,100,20
97,300,10,50,Laptop,8,34,19,2024-03-21 15:27:03.062539,0,105,50
109,300,10,50,Laptop,7,34,19,2024-03-21 15:27:04.158005,0,117,50
96,300,10,50,Laptop,7,34,19,2024-03-21 15:27:05.119671,0,104,50
96,300,10,50,Laptop,8,35,19,2024-03-21 15:27:06.082232,0,104,50
96,300,10,50,Laptop,8,35,19,2024-03-21 15:27:07.052626,0,104,50
95,300,10,50,Laptop,8,35,19,2024-03-21 15:27:08.005100,0,103,50
96,300,10,50,Laptop,8,35,19,2024-03-21 15:27:08.969995,0,104,50
95,300,10,50,Laptop,8,36,19,2024-03-21 15:27:09.926241,0,103,50
95,300,10,50,Laptop,8,36,19,2024-03-21 15:27:10.880638,0,103,50
96,300,10,50,Laptop,8,36,19,2024-03-21 15:27:11.845241,0,104,50
101,300,10,80,Laptop,8,37,19,2024-03-21 15:27:12.864785,0,109,80
103,300,10,80,Laptop,7,38,19,2024-03-21 15:27:13.904430,0,111,80
101,300,10,80,Laptop,8,39,19,2024-03-21 15:27:14.924086,0,109,80
102,300,10,80,Laptop,7,39,19,2024-03-21 15:27:15.946648,0,110,80
103,300,10,80,Laptop,8,40,19,2024-03-21 15:27:16.978748,0,111,80
102,300,10,80,Laptop,8,41,19,2024-03-21 15:27:18.000548,0,110,80
102,300,10,80,Laptop,7,42,19,2024-03-21 15:27:19.022519,0,110,80
124,300,10,80,Laptop,7,34,19,2024-03-21 15:27:20.269618,0,132,80
104,300,10,80,Laptop,7,35,19,2024-03-21 15:27:21.317496,0,112,80
103,300,10,80,Laptop,8,36,19,2024-03-21 15:27:22.356298,0,111,80
262,300,20,1,Laptop,7,36,19,2024-03-21 15:27:24.981657,0,270,1
261,300,20,1,Laptop,7,36,19,2024-03-21 15:27:27.593304,0,269,1
263,300,20,1,Laptop,7,36,19,2024-03-21 15:27:30.224926,0,271,1
262,300,20,1,Laptop,7,36,19,2024-03-21 15:27:32.847552,0,270,1
260,300,20,1,Laptop,7,36,19,2024-03-21 15:27:35.456101,0,268,1
264,300,20,1,Laptop,7,36,19,2024-03-21 15:27:38.098934,0,272,1
260,300,20,1,Laptop,7,36,19,2024-03-21 15:27:40.707225,0,268,1
261,300,20,1,Laptop,7,36,19,2024-03-21 15:27:43.320828,0,269,1
267,300,20,1,Laptop,7,36,19,2024-03-21 15:27:45.996890,0,275,1
264,300,20,1,Laptop,7,36,19,2024-03-21 15:27:48.644200,0,272,1
267,300,20,10,Laptop,7,36,19,2024-03-21 15:27:51.318085,0,275,10
285,300,20,10,Laptop,7,34,19,2024-03-21 15:27:54.168954,0,293,10
268,300,20,10,Laptop,7,34,19,2024-03-21 15:27:56.852042,0,276,10
269,300,20,10,Laptop,7,34,19,2024-03-21 15:27:59.544424,0,277,10
273,300,20,10,Laptop,7,34,19,2024-03-21 15:28:02.279254,0,281,10
267,300,20,10,Laptop,7,34,19,2024-03-21 15:28:04.958851,0,275,10
285,300,20,10,Laptop,8,33,19,2024-03-21 15:28:07.816423,0,293,10
273,300,20,10,Laptop,7,33,19,2024-03-21 15:28:10.554717,0,281,10
272,300,20,10,Laptop,7,33,19,2024-03-21 15:28:13.280781,0,280,10
264,300,20,10,Laptop,7,33,19,2024-03-21 15:28:15.930919,0,272,10
267,300,20,20,Laptop,7,33,19,2024-03-21 15:28:18.601974,0,275,20
284,300,20,20,Laptop,8,33,19,2024-03-21 15:28:21.449007,0,292,20
288,300,20,20,Laptop,7,33,19,2024-03-21 15:28:24.334133,0,296,20
267,300,20,20,Laptop,7,33,19,2024-03-21 15:28:27.012304,0,275,20
265,300,20,20,Laptop,7,33,19,2024-03-21 15:28:29.672192,0,273,20
266,300,20,20,Laptop,7,33,19,2024-03-21 15:28:32.336627,0,274,20
267,300,20,20,Laptop,7,33,19,2024-03-21 15:28:35.012999,0,275,20
268,300,20,20,Laptop,7,33,19,2024-03-21 15:28:37.699861,0,276,20
271,300,20,20,Laptop,7,33,19,2024-03-21 15:28:40.419783,0,279,20
271,300,20,20,Laptop,7,33,19,2024-03-21 15:28:43.138272,0,279,20
279,300,20,50,Laptop,7,34,19,2024-03-21 15:28:45.930018,0,287,50
277,300,20,50,Laptop,7,34,19,2024-03-21 15:28:48.704535,0,285,50
278,300,20,50,Laptop,7,34,19,2024-03-21 15:28:51.488334,0,286,50
287,300,20,50,Laptop,7,33,19,2024-03-21 15:28:54.365074,0,295,50
273,300,20,50,Laptop,7,34,19,2024-03-21 15:28:57.100766,0,281,50
268,300,20,50,Laptop,7,34,19,2024-03-21 15:28:59.790071,0,276,50
272,300,20,50,Laptop,7,34,19,2024-03-21 15:29:02.519851,0,280,50
273,300,20,50,Laptop,7,34,19,2024-03-21 15:29:05.257755,0,281,50
273,300,20,50,Laptop,7,35,19,2024-03-21 15:29:07.996210,0,281,50
275,300,20,50,Laptop,7,35,19,2024-03-21 15:29:10.749351,0,283,50
282,300,20,80,Laptop,7,36,19,2024-03-21 15:29:13.576947,0,290,80
282,300,20,80,Laptop,7,37,19,2024-03-21 15:29:16.401720,0,290,80
281,300,20,80,Laptop,7,37,19,2024-03-21 15:29:19.221197,0,289,80
314,300,20,80,Laptop,8,34,19,2024-03-21 15:29:22.367844,0,322,80
287,300,20,80,Laptop,7,35,19,2024-03-21 15:29:25.241158,0,295,80
283,300,20,80,Laptop,6,35,19,2024-03-21 15:29:28.073558,0,291,80
286,300,20,80,Laptop,7,36,19,2024-03-21 15:29:30.936113,0,294,80
276,300,20,80,Laptop,7,37,19,2024-03-21 15:29:33.699307,0,284,80
274,300,20,80,Laptop,7,38,19,2024-03-21 15:29:36.444423,0,282,80
272,300,20,80,Laptop,7,38,19,2024-03-21 15:29:39.174857,0,280,80
273,300,30,1,Laptop,7,38,19,2024-03-21 15:29:41.909672,0,281,1
266,300,30,1,Laptop,7,38,19,2024-03-21 15:29:44.570397,0,274,1
264,300,30,1,Laptop,7,38,19,2024-03-21 15:29:47.220022,0,272,1
268,300,30,1,Laptop,7,38,19,2024-03-21 15:29:49.901002,0,276,1
285,300,30,1,Laptop,7,33,19,2024-03-21 15:29:52.759730,0,293,1
265,300,30,1,Laptop,7,33,19,2024-03-21 15:29:55.412747,0,273,1
262,300,30,1,Laptop,6,33,19,2024-03-21 15:29:58.040971,0,270,1
264,300,30,1,Laptop,7,33,19,2024-03-21 15:30:00.688635,0,272,1
265,300,30,1,Laptop,7,33,19,2024-03-21 15:30:03.346871,0,273,1
266,300,30,1,Laptop,7,33,19,2024-03-21 15:30:06.011865,0,274,1
272,300,30,10,Laptop,7,33,19,2024-03-21 15:30:08.733588,0,280,10
279,300,30,10,Laptop,7,33,19,2024-03-21 15:30:11.527057,0,287,10
276,300,30,10,Laptop,7,33,19,2024-03-21 15:30:14.292072,0,284,10
267,300,30,10,Laptop,7,33,19,2024-03-21 15:30:16.971676,0,275,10
266,300,30,10,Laptop,7,33,19,2024-03-21 15:30:19.633812,0,274,10
269,300,30,10,Laptop,7,33,19,2024-03-21 15:30:22.332866,0,277,10
274,300,30,10,Laptop,7,33,19,2024-03-21 15:30:25.082453,0,282,10
286,300,30,10,Laptop,7,33,19,2024-03-21 15:30:27.951324,0,294,10
271,300,30,10,Laptop,7,33,19,2024-03-21 15:30:30.669322,0,279,10
274,300,30,10,Laptop,7,33,19,2024-03-21 15:30:33.415352,0,282,10
273,300,30,20,Laptop,7,33,19,2024-03-21 15:30:36.149093,0,281,20
275,300,30,20,Laptop,7,33,19,2024-03-21 15:30:38.900885,0,283,20
276,300,30,20,Laptop,7,33,19,2024-03-21 15:30:41.661459,0,284,20
276,300,30,20,Laptop,7,33,19,2024-03-21 15:30:44.423419,0,284,20
275,300,30,20,Laptop,7,33,19,2024-03-21 15:30:47.178985,0,283,20
275,300,30,20,Laptop,7,33,19,2024-03-21 15:30:49.935343,0,283,20
273,300,30,20,Laptop,7,33,19,2024-03-21 15:30:52.669558,0,281,20
273,300,30,20,Laptop,7,33,19,2024-03-21 15:30:55.402914,0,281,20
287,300,30,20,Laptop,7,33,19,2024-03-21 15:30:58.275276,0,295,20
271,300,30,20,Laptop,7,33,19,2024-03-21 15:31:00.986898,0,279,20
276,300,30,50,Laptop,7,33,19,2024-03-21 15:31:03.756202,0,284,50
279,300,30,50,Laptop,7,34,19,2024-03-21 15:31:06.556667,0,287,50
281,300,30,50,Laptop,7,34,19,2024-03-21 15:31:09.369757,0,289,50
276,300,30,50,Laptop,7,34,19,2024-03-21 15:31:12.135622,0,284,50
281,300,30,50,Laptop,7,35,19,2024-03-21 15:31:14.952419,0,289,50
270,300,30,50,Laptop,7,35,19,2024-03-21 15:31:17.662399,0,278,50
275,300,30,50,Laptop,7,35,19,2024-03-21 15:31:20.417259,0,283,50
278,300,30,50,Laptop,7,36,19,2024-03-21 15:31:23.204509,0,286,50
278,300,30,50,Laptop,7,36,19,2024-03-21 15:31:25.994291,0,286,50
290,300,30,50,Laptop,7,33,19,2024-03-21 15:31:28.903472,0,298,50
295,300,30,80,Laptop,7,34,19,2024-03-21 15:31:31.857431,0,303,80
281,300,30,80,Laptop,7,35,19,2024-03-21 15:31:34.676975,0,289,80
277,300,30,80,Laptop,7,36,19,2024-03-21 15:31:37.454205,0,285,80
282,300,30,80,Laptop,7,36,19,2024-03-21 15:31:40.275576,0,290,80
286,300,30,80,Laptop,7,37,19,2024-03-21 15:31:43.136954,0,294,80
286,300,30,80,Laptop,7,38,19,2024-03-21 15:31:45.999868,0,294,80
284,300,30,80,Laptop,7,39,19,2024-03-21 15:31:48.850019,0,292,80
283,300,30,80,Laptop,7,39,19,2024-03-21 15:31:51.690084,0,291,80
280,300,30,80,Laptop,7,40,19,2024-03-21 15:31:54.500318,0,288,80
298,300,30,80,Laptop,7,34,19,2024-03-21 15:31:57.482394,0,306,80
109,350,30,1,Laptop,7,34,19,2024-03-21 15:31:59.066630,0,117,1
109,350,30,1,Laptop,7,34,19,2024-03-21 15:32:00.163055,0,117,1
112,350,30,1,Laptop,8,34,19,2024-03-21 15:32:01.288355,0,120,1
112,350,30,1,Laptop,7,34,19,2024-03-21 15:32:02.412424,0,120,1
111,350,30,1,Laptop,8,34,19,2024-03-21 15:32:03.528306,0,119,1
111,350,30,1,Laptop,7,34,19,2024-03-21 15:32:04.646792,0,119,1
109,350,30,1,Laptop,7,34,19,2024-03-21 15:32:05.743304,0,117,1
109,350,30,1,Laptop,7,34,19,2024-03-21 15:32:06.841037,0,117,1
111,350,30,1,Laptop,7,34,19,2024-03-21 15:32:07.957848,0,119,1
110,350,30,1,Laptop,7,34,19,2024-03-21 15:32:09.064275,0,118,1
110,350,30,10,Laptop,7,34,19,2024-03-21 15:32:10.168745,0,118,10
109,350,30,10,Laptop,7,34,19,2024-03-21 15:32:11.261412,0,117,10
111,350,30,10,Laptop,7,34,19,2024-03-21 15:32:12.378521,0,119,10
112,350,30,10,Laptop,8,34,19,2024-03-21 15:32:13.502980,0,120,10
111,350,30,10,Laptop,7,34,19,2024-03-21 15:32:14.613711,0,119,10
110,350,30,10,Laptop,8,34,19,2024-03-21 15:32:15.723192,0,118,10
110,350,30,10,Laptop,7,34,19,2024-03-21 15:32:16.825077,0,118,10
111,350,30,10,Laptop,7,34,19,2024-03-21 15:32:17.935566,0,119,10
124,350,30,10,Laptop,7,33,19,2024-03-21 15:32:19.184532,0,132,10
109,350,30,10,Laptop,7,33,19,2024-03-21 15:32:20.279757,0,117,10
112,350,30,20,Laptop,7,33,19,2024-03-21 15:32:21.401970,0,120,20
111,350,30,20,Laptop,7,33,19,2024-03-21 15:32:22.514308,0,119,20
112,350,30,20,Laptop,7,33,19,2024-03-21 15:32:23.642623,0,120,20
112,350,30,20,Laptop,8,33,19,2024-03-21 15:32:24.768770,0,120,20
112,350,30,20,Laptop,8,33,19,2024-03-21 15:32:25.897850,0,120,20
111,350,30,20,Laptop,7,33,19,2024-03-21 15:32:27.017629,0,119,20
110,350,30,20,Laptop,8,33,19,2024-03-21 15:32:28.125080,0,118,20
112,350,30,20,Laptop,7,33,19,2024-03-21 15:32:29.249964,0,120,20
111,350,30,20,Laptop,8,33,19,2024-03-21 15:32:30.364539,0,119,20
111,350,30,20,Laptop,7,33,19,2024-03-21 15:32:31.482334,0,119,20
113,350,30,50,Laptop,7,34,19,2024-03-21 15:32:32.617196,0,121,50
113,350,30,50,Laptop,7,34,19,2024-03-21 15:32:33.753398,0,121,50
114,350,30,50,Laptop,7,34,19,2024-03-21 15:32:34.894213,0,122,50
112,350,30,50,Laptop,7,34,19,2024-03-21 15:32:36.020362,0,120,50
114,350,30,50,Laptop,7,35,19,2024-03-21 15:32:37.162792,0,122,50
113,350,30,50,Laptop,7,35,19,2024-03-21 15:32:38.299156,0,121,50
128,350,30,50,Laptop,7,33,19,2024-03-21 15:32:39.586476,0,136,50
113,350,30,50,Laptop,7,34,19,2024-03-21 15:32:40.717503,0,121,50
112,350,30,50,Laptop,7,34,19,2024-03-21 15:32:41.842026,0,120,50
113,350,30,50,Laptop,7,34,19,2024-03-21 15:32:42.975746,0,121,50
119,350,30,80,Laptop,7,35,19,2024-03-21 15:32:44.166310,0,127,80
120,350,30,80,Laptop,7,36,19,2024-03-21 15:32:45.368445,0,128,80
116,350,30,80,Laptop,7,36,19,2024-03-21 15:32:46.538651,0,124,80
118,350,30,80,Laptop,7,37,19,2024-03-21 15:32:47.721395,0,126,80
118,350,30,80,Laptop,7,38,19,2024-03-21 15:32:48.903226,0,126,80
118,350,30,80,Laptop,7,39,19,2024-03-21 15:32:50.091494,0,126,80
118,350,30,80,Laptop,7,40,19,2024-03-21 15:32:51.280419,0,126,80
120,350,30,80,Laptop,7,40,19,2024-03-21 15:32:52.487587,0,128,80
117,350,30,80,Laptop,7,41,19,2024-03-21 15:32:53.666077,0,125,80
116,350,30,80,Laptop,7,42,19,2024-03-21 15:32:54.834800,0,124,80
